店舗名,ステータス,別名・表記揺れメモ,取材回数,投稿1_URL,投稿1_日付,投稿1_リーチ,投稿2_URL,投稿2_日付,投稿2_リーチ,投稿3_URL,投稿3_日付,投稿3_リーチ,住所(要追加),エリア(要追加),緯度(要追加),経度(要追加),主ジャンル(要追加),サブジャンル(要追加),シーンタグ(要追加),個室人数(要追加),最大人数(要追加),予算_昼(要追加),予算_夜(要追加),営業時間(要追加),定休日(要追加),きたごはんポイント(要追加),個室(あり/なし),喫煙(禁煙/喫煙可/分煙),FAQ_子供入店,FAQ_20歳未満入店,FAQ_個室タイプ,FAQ_車椅子対応,FAQ_ベビーカー,FAQ_ペット同伴,FAQ_駐車場,FAQ_予約方法,FAQ_飲み放題,FAQ_テイクアウト,FAQ_キャッシュレス,FAQ_補足メモ,再生数_最大,Google評価,Google口コミ数
シーシャカフェ&バー musch 札幌すすきの店（1号店）,営業中,,6,https://www.instagram.com/reel/DD890VIPzEP,,,https://www.instagram.com/p/C_pn1HuJpHq,,,https://www.instagram.com/reel/DKT7A-DRy84/,2025-05-31,,札幌市中央区南5条西2丁目2 サイバーシティビル B1F,すすきの,43.054,141.3552,バー,シーシャ・夜カフェ,"デート向け,夜カフェ,深夜営業,シーシャ",,30,,3500,"平日15:00-翌5:00, 土日祝13:00-翌5:00",なし,ドームシート完備のシーシャカフェ＆バー,あり（ドームシート等）,喫煙可（シーシャ店）,,,ベッド席×個室、カップルソファ,,,,,,,,,シーシャあり、暖炉あり,64044,4.8,722
増毛の食堂 南ん家 札幌店,営業中,,3,https://www.instagram.com/p/C9e3VDGyGRt,,,https://www.instagram.com/p/C_LNCHzy5GA,,,https://www.instagram.com/reel/DNNX-DxTpr1/,2025-08-11,,札幌市中央区南3条西3丁目 TM-24 BUILDING B1F,すすきの,43.0568,141.3535,和食,海鮮丼・郷土料理,"ランチ,1人OK,日曜営業,海鮮",,40,1800,4500,"11:00-14:00, 17:00-22:30",年末年始のみ,増毛産直送の海鮮丼が映える食堂,なし,禁煙,,,,,,,,,,,,,198901,4.5,203
美食個室・隠れ家和食居酒屋 彩屋〜Irodoriya〜 札幌駅前店,営業中,,2,https://www.instagram.com/p/C2937anRgQI,,,https://www.instagram.com/p/C8mDf2mRy5w,,,,,,札幌市中央区北4条西5-1 アスティ45ビル B1F,札幌駅,43.0651,141.35,居酒屋,和食・隠れ家,"個室あり,接待,デート向け,大人数OK,隠れ家",,80,,5500,16:00-23:00 LO22:30,要確認,札幌駅3分！完全個室多数の和食居酒屋,あり（完全個室多数）,要確認,,,,,,,,,,,,,50606,4.1,767
鶏白湯ラーメン 白鶏舎,営業中,,2,https://www.instagram.com/reel/DDT7dFtv8AD,,,https://www.instagram.com/reel/DHF-50jPTf0,,,,,,札幌市北区北8条西4丁目 ブランシャールBLD 1F（北8条店）/ 中央区北8条西15丁目28-176（桑園店）,札幌駅・桑園,43.0708,141.347,ラーメン,鶏白湯ラーメン,"ランチ,1人OK,昼のみ",,20,1200,,11:00-15:00 LO14:30,要確認,焼鳥屋が本気で作る鶏白湯ラーメン,なし,禁煙,,,,,,,,,,,,,117020,4.1,42
&...中ノ沢BASE（ナカノサワベース）,営業中,,1,https://www.instagram.com/p/C-U9VYJy1sm,,,,,,,,,北海道札幌市南区中ノ沢1812-1579,南区中ノ沢,42.971,141.273,その他,キャンプ場・テントサウナ・BBQ,"アウトドア,BBQ,サウナ",,50,3000,,10:00-18:00,無休,テントサウナとBBQが楽しめるキャンプ場,—,—,,,,,,,,,,,,,46084,4.5,22
42BAR（フォーティートゥーバー）,営業中,,1,https://www.instagram.com/reel/DGFsfDeNbO2,,,,,,,,,札幌市中央区南4条西2丁目11-7 TOMORUビル10F,すすきの,43.0555,141.3548,バー,ダイニングバー,"二次会,貸切,デート向け,結婚式2次会",,80,,4500,"月-木日祝 18:00-翌2:00, 金土祝前 18:00-翌4:00",なし,結婚式2次会も対応のすすきのバー,貸切可,要確認,,,,,,,,,,,,,53926,4.4,130
BAR & GRILL Splish,営業中,,1,https://www.instagram.com/reel/DE9iXz_t0kN,,,,,,,,,北海道札幌市中央区南四条西4-1-1 SAPPORO STREAM HOTEL,すすきの,,,バー,,,,,1000,,11:30 - 14:00　18:00 - 22:00,無し,,あり,,,,,,,,,,,,,,84743,3.9,50
BAR Apple Lodge（アップルロッヂ）,営業中,,1,https://www.instagram.com/p/C5vXWrjROpQ,,,,,,,,,北海道札幌市豊平区平岸2条5丁目1-6,平岸,43.024,141.368,バー,オーセンティックバー・蔵,"デート向け,1人OK,大正ロマン",,15,,3500,月-土 17:30-23:00 LO22:30,日祝,大正ロマンの蔵で楽しむ平岸のバー,なし,要確認,,,,,,,,,,,,,62311,4.6,38
MUSICBAR SIDE:K SAPPORO,営業中,,1,https://www.instagram.com/p/C-m5eyay1Ku,,,,,,,,,〒064-0805 北海道札幌市中央区南5条西4丁目4-2 第20桂和ビル B1F,すすきの,43.0542,141.3522,バー,K-POPミュージックバー,"深夜営業,K-POP,DJイベント",,40,,3500,21:00-翌5:00,要確認,K-POPとK-HIPHOPのミュージックバー,要確認,要確認,,,,,,,,,,,,,51612,4.9,594
KAMAKURAチキンBBQ（ニセコ・昆布駅）,営業中,,1,https://www.instagram.com/p/C6i5EHeRZFU,,,,,,,,,北海道虻田郡ニセコ町（昆布駅エリア）,ニセコ（札幌外）,42.84,140.685,洋食,BBQ・道産チキン,"BBQ,アウトドア,デート向け,家族向け",,40,3500,4500,月木-日 10:30-20:00,火・水,道産伊達鶏を炭火で焼くニセコBBQ,—,—,,,,,,,,,,,,,223640,4.5,138
K.L.I.M（クリム）すすきの店,営業中,,1,https://www.instagram.com/p/C3KYFqLRtoE,,,,,,,,,札幌市中央区南6条西5丁目1-3,すすきの,43.053,141.351,カフェ,アイスクリーム・夜カフェ,"夜カフェ,デート向け,1人OK,深夜営業",,20,,1800,"月火木金土 19:00-翌2:30, 水日 19:00-翌2:00",無休,深夜まで営業するアイス系夜カフェ,なし,要確認,,,,,,,,,,,,,46816,4.2,250
THE CHEATDAY SAPPORO（ザ チートデイ 札幌）,営業中,,1,https://www.instagram.com/reel/DDoijQevAIX,,,,,,,,,北海道札幌市中央区南3条西1丁目9-22 フロンティア札幌ビル 2F,南3条・狸小路,43.0573,141.3565,洋食,ハンバーガー・ダイニングバー,"ランチ,1人OK,デート向け,夜遅め",,30,1800,3500,12:00-23:00 LO22:00 (月日12:00-22:00),火曜,アンガス牛のジャンクバーガーと樽生ハイネケン,なし,要確認,,,,,,,,,,,,,373485,4.4,73
THE MEAT SHOP（ザ・ミートショップ）大通,営業中,,1,https://www.instagram.com/p/C6_L7QOxgQ_,,,,,,,,,〒060-0001 北海道札幌市中央区北1条西3-3-24 札幌中央ビル5F,大通,43.06,141.355,洋食,熟成肉・ステーキ,"ランチ,デート向け,接待,熟成肉",,40,2000,6000,"11:30-15:00 LO14:30, 17:00-22:30 LO21:30",火曜,道産和牛の熟成カタマリ肉専門店,要確認,禁煙,,,,,,,,,,,,,680013,4.3,594
artlacze（アートラチェ）,営業中,,1,https://www.instagram.com/p/C6a8orWxuuO,,,,,,,,,札幌市内（要確認）,要確認,43.057,141.354,その他,要確認,要確認,,,500,,要確認,要確認,店舗情報要確認（検索ヒットなし）,要確認,要確認,,,,,,,,,,,,,65911,4.6,1134
咖喱と酒場 CYK（シーワイケー）すすきの店,営業中,,1,https://www.instagram.com/reel/DFhkoNYMOwx,,,,,,,,,札幌市中央区南5条西5 ジャパンランドビル5F,すすきの,43.054,141.3505,カフェ,無水カレー・ダイニングバー,"1人OK,深夜営業,スポーツ観戦",,17,,3000,17:00-翌2:00,要確認,パキスタン無水チキンカレー酒場,なし,要確認,,,,,,,,,,,,,84782,4,32
シーシャカフェ&バー musch 札幌すすきの中央店（2号店）,営業中,,2,https://www.instagram.com/reel/DGh-L5gg3Im,,,https://www.instagram.com/reel/DTFT0lij2rU/,2026-01-04,,,,,札幌市中央区南5条西5丁目9-1 ジャパンランドビル 3F,すすきの,43.054,141.3505,バー,シーシャ・夜カフェ,"夜カフェ,デート向け,深夜営業,シーシャ,隠れ家",,30,2000,3500,"平日15:00-翌5:00, 土日祝13:00-翌6:00",なし,ドームシート完備の隠れ家シーシャ2号店,あり（ドームシート）,喫煙可（シーシャ店）,,,,,,,,,,,,,130439,4.8,722
うなぎ屋おのぎ 札幌本店,営業中,,1,https://www.instagram.com/p/C3XhjMYxMDi,,69647,,,,,,,北海道札幌市白石区東札幌2条5-8-14,白石・東札幌,43.0524,141.3924,和食,うなぎ,"デート向け,1人OK,接待",,22,3000,5000,"11:00-14:00, 17:00-20:00",要確認,二ホンウナギを手頃に味わえる本格うなぎ専門店,なし,禁煙,,,,,,,,,,,,,85986,4.4,692
割烹 おい河,営業中,,1,https://www.instagram.com/p/DAVe1kEyVEM,,,,,,,,,札幌市中央区南5条西3丁目1-4 第11グリーンビル4F,すすきの,43.054,141.3535,和食,日本料理・割烹,"接待,デート向け,カウンター,完全予約制",,15,,10000,18:00-23:00,不定休,完全予約制の四季彩る割烹おい河,あり（完全予約制）,禁煙,,,,,,,,,,,,,48449,4.7,59
かにじぇんぬ（要確認）,営業中,,1,https://www.instagram.com/p/C-AUNeISu21,,,,,,,,,札幌市内（要確認）,要確認,43.0556,141.353,和食,カニ料理・要確認,要確認,,,,5000,要確認,要確認,カニ料理店（情報要確認）,要確認,要確認,,,,,,,,,,,,,75178,4.5,33
かふぇ あまや（要確認）,営業中,,1,https://www.instagram.com/p/C_F4SlvSouX,,,,,,,,,札幌市内（要確認）,要確認,43.057,141.354,カフェ,カフェ・要確認,"カフェ,1人OK",,,1000,,要確認,要確認,カフェ（情報要確認）,要確認,要確認,,,,,,,,,,,,,64078,4.2,47
札幌ザンギ本舗 すすきの店,営業中,,1,https://www.instagram.com/p/C5Ih_wFRyMq,,,,,,,,,北海道札幌市中央区南6条西4丁目 G4ビル 1F,すすきの,43.0538,141.3522,居酒屋,ザンギ・揚げ物,"ランチ,1人OK,コスパ,テイクアウト",,60,900,1500,"月水-金祝前 16:00-22:30, 土日祝 11:00-22:30",火曜,揚げたてザンギとレモンサワーの専門店,なし,要確認,,,,,,,,,,,,,1207667,4.5,2021
北海道海鮮居酒屋 さぶろう 別邸,営業中,,1,https://www.instagram.com/p/C5njZz9x0jY,,,,,,,,,札幌市中央区（すすきの駅/大通駅徒歩3分）,すすきの,43.057,141.3505,居酒屋,海鮮居酒屋,"デート向け,接待,半個室",,50,,4500,要確認,要確認,羅臼産直送！北海道海鮮の炉端居酒屋,半個室あり（ボックス席）,要確認,,,,,,,,,,,,,43783,4.6,493
個室 めしや しなもん堂 すすきの店,営業中,,2,https://www.instagram.com/p/DAGQHZ-yxJF,,,https://www.instagram.com/p/C8UADOHprQm,,,,,,北海道札幌市中央区南4条西3-1-1 第3グリーンビル3F,すすきの,43.0555,141.3531,居酒屋,個室・鍋・海鮮,"個室あり,接待,デート向け,大人数OK,宴会",,160,,4500,"月-金祝前 16:30-23:30, 土日祝 16:00-23:30",ビル休館日のみ,完全個室で楽しむしゃぶしゃぶ・鍋,あり（完全個室・2名〜）,要確認,,,,,,,,,,,,,158871,4.4,769
しゃぶしゃぶ豚神,営業中,,1,https://www.instagram.com/p/C6gNFcCR4a4,,,,,,,,,北海道札幌市中央区南4条西2丁目8-10 ダイメックスプラザ5番館 B1F,すすきの,43.0555,141.354,和食,知床豚しゃぶしゃぶ,"個室あり,デート向け,接待,深夜営業",,30,,5000,"火-木日祝 18:00-翌4:00, 金土祝前 18:00-翌5:00",月曜,知床豚しゃぶしゃぶ専門の個室和食,あり,要確認,,,,,,,,,,,,,44793,4.8,317
海鮮 餃子 釜飯 じゃのめ,営業中,,3,https://www.instagram.com/reel/DFUojssvM8v,,,https://www.instagram.com/reel/DRg43PAD1ZM/,2025-11-26,,https://www.instagram.com/reel/DVS4uzwj7gU/,2026-02-28,,北海道札幌市中央区南4条西6-8-3 晴ばれビル1F,すすきの,43.0555,141.3485,居酒屋,海鮮・餃子・釜飯,"デート向け,1人OK,二次会",,50,,4500,17:00-翌0:00 LO23:30,無休,海鮮・餃子・釜飯が並ぶ和傘の路面店,要確認,要確認,,,,,,,,,,,,,426002,3.6,83
鮨のしはち,営業中,,1,https://www.instagram.com/p/C6vsbIqxL4F,,,,,,,,,札幌市中央区（すすきの駅徒歩1分）,すすきの,43.0555,141.3528,寿司,おまかせ鮨,"カウンター,デート向け,接待",,12,,10000,17:00-22:30（完全予約制）,要確認,"おまかせ20貫9,980円の完全予約制鮨",なし,禁煙,,,,,,,,,,,,,1243263,4.4,58
すし処 りょう,営業中,,3,https://www.instagram.com/reel/DDCHbEyPV24,,,https://www.instagram.com/reel/DBLgR1mvG-w/,2024-10-16,,https://www.instagram.com/reel/DREjYoXjxST/,2025-11-15,,北海道札幌市中央区南5条西5-5-1-2 メイプル通りビル6F,すすきの,43.0542,141.3505,寿司,寿司,"カウンター,デート向け,接待",,14,,8000,17:30-翌0:00 LO23:30,要確認,カウンター8席の落ち着いた寿司店,なし,禁煙,,,テーブル席あり（接待対応）,,,,,,,,,カウンター鮨・量多めの満足コース,199697,4.3,58
だし劇場 ○△□ 札幌総本店,営業中,,1,https://www.instagram.com/p/C_2hlgrpk-E,,,,,,,,,北海道札幌市中央区北3条東1（バスセンター前）,札幌駅・バスセンター前,43.0617,141.3617,居酒屋,おでん食べ放題・寿司,"個室あり,大人数OK,接待,食べ放題",,80,,4500,17:00-翌0:00,要確認,鯛だしおでん食べ放題と土鍋ご飯の個室居酒屋,あり（個室多数）,要確認,,,,,,,,,,,,,143478,3.9,299
ちょす（要確認）,営業中,,1,https://www.instagram.com/p/C474QNwx8Fz,,,,,,,,,札幌市内（要確認）,すすきの,43.0556,141.353,居酒屋,要確認,要確認,,,,4000,要確認,要確認,居酒屋（情報要確認）,要確認,要確認,,,,,,,,,,,,,67056,4.8,12
つけ麺まぜそば みやも,営業中,,1,https://www.instagram.com/p/C5BfCnWxqBb,,,,,,,,,北海道札幌市豊平区平岸2条2丁目3-11,豊平区平岸,43.0395,141.369,ラーメン,つけ麺・まぜそば,"1人OK,ランチ,行列",,15,1100,,11:00-15:00 LO14:45（木金 17:00-21:00）,日曜・月曜,豚骨魚節濃厚つけ麺の人気店,なし,禁煙,,,,,,,,,,,,,215336,4.4,50
ひょうとう祭り,営業中,,1,https://www.instagram.com/p/C3UhzMcRpSv,,149719,,,,,,,北海道千歳市支笏湖温泉,千歳,,,,,,,,500,,2/13 急遽中止が発表されました。,,,なし,,,,,,,,,,,,,,181611,4.4,78
ふくじゅ（要確認）,営業中,,1,https://www.instagram.com/p/C5x90icRlJe,,,,,,,,,札幌市中央区（要確認）,すすきの,43.0555,141.35,寿司,鮨,"カウンター,デート向け,接待",,8,,10000,要確認,要確認,カウンター席中心の本格寿司店,要確認,要確認,,,,,,,,,,,,,93837,4.9,387
まぐろ料理専門店 まぐろ屋,営業中,,1,https://www.instagram.com/p/C4daYuAxVe3,,,,,,,,,北海道札幌市中央区南8条西11-3-9 ツインズ南8条 6番館 1F,中央区南8条,43.0508,141.3445,和食,まぐろ料理・海鮮,"ランチ,デート向け,1人OK",,30,1500,4500,"11:30-14:00, 17:00-22:00 LO21:30",木曜・第2水曜・日祝は夜のみ,マグロの希少部位が並ぶ専門店,要確認,要確認,,,,,,,,,,,,,159969,4.3,328
すし魚一 まるいち（すすきの）,営業中,,1,https://www.instagram.com/p/C-xEXEaJ_67,,,,,,,,,北海道札幌市中央区南4西5-8-1 F45ビル1F,すすきの,43.0556,141.35,寿司,海鮮丼・寿司,"カウンター,ランチ,デート向け",,20,2000,8000,"11:00-14:30, 18:00-19:30, 20:00-21:30（夜は2部制）",月曜,昼海鮮丼／夜2部制の本格寿司店,なし,禁煙,,,,,,,,,,,,,93209,4.2,139
海鮮みなと食堂（苫小牧 ぷらっとみなと市場内）,営業中,,1,https://www.instagram.com/p/C8J1KAcJ-M0,,,,,,,,,北海道苫小牧市港町2-2-5 ぷらっとみなと市場内A棟,苫小牧（札幌外）,42.642,141.628,和食,海鮮丼・市場食堂,"ランチ,海鮮丼,市場,観光",,40,1800,,09:00-15:00,水曜,自分で具を選べる苫小牧の海鮮丼,なし,禁煙,,,,,,,,,,,,,65111,4.4,960
【全席個室】めしや 因すけ 札幌大通店,営業中,,1,https://www.instagram.com/p/C9kcznAyXPq,,,,,,,,,北海道札幌市中央区南3条西4-21-3 五番街ビル6F,狸小路,43.0573,141.3522,居酒屋,創作料理・SNS映え,"個室あり,デート向け,SNS映え,接待",,80,,4500,17:00-24:00（要確認）,要確認,全席個室の創作居酒屋,あり（全席個室）,要確認,,,,,,,,,,,,,356198,4.1,504
もんじゃ酒場 れもん,営業中,,1,https://www.instagram.com/reel/DGSfCMWTbHu,,,,,,,,,札幌市中央区南5条西4-13-4,すすきの,43.054,141.3522,居酒屋,もんじゃ・レモンサワー,"デート向け,深夜営業,2次会",,40,,4000,"月-木日祝 18:00-翌5:00, 金土祝前 17:00-翌5:00",要確認,全卓レモンサワーサーバー完備のもんじゃ酒場,要確認,要確認,,,,,,,,,,,,,68737,4,26
やらぬ善よりやる偽善,営業中,,1,https://www.instagram.com/p/C-477LEyW2j,,,,,,,,,北海道札幌市白石区東札幌2条5-9-15,白石,,,居酒屋,,,,,3000,,月～金　11:30 - 14:30、17:00 - 00:00,日,,あり,,,,,,,,,,,,,,100691,4.8,91
ウィンケルビレッジ & レストラン細流,営業中,,1,https://www.instagram.com/reel/DDY__tAvj-b,,,,,,,,,〒047-0154 北海道小樽市朝里川温泉２丁目６８６,小樽,,,バー,,,,,,10000,レストランは17:30～翌0:00(月・火休み),,,,,,,,,,,,,,,,,291153,4.3,190
エルムガーデン,営業中,,1,https://www.instagram.com/reel/DFFOzRcx-uM,,,,,,,,,〒064-0913 北海道札幌市中央区南１３条西２３丁目５−１０,中央区,,,和食,,,,,,25000,ランチ　: 11:30–15:00,火曜日（土日祝はディナーのみ）,,なし,,,,,,,,,,,,,,52062,4.4,609
エレクトリック シーフバー ススキノ店,営業中,,1,https://www.instagram.com/p/DAiRXeDyXMa,,,,,,,,,北海道札幌市中央区南4条西2丁目 渡辺ビル9階,すすきの,,,ジンギスカン,,,,,2000,,18:00 - 04:00,,,なし,,,,,,,,,,,,,,116080,4.3,322
オタルアーチ（サウナ）,営業中,,1,https://www.instagram.com/p/C_7pczSJUGr,,,,,,,,,小樽市新光5丁目12番25号（小樽天然温泉「湯の花」 朝里殿 隣接）,小樽,,,,,,,,,3700,9時00分〜22時00分,,,なし,,,,,,,,,,,,,,55193,4.6,45
カフェマルセイユ,営業中,,1,https://www.instagram.com/p/C2FFd_eRqz3,,,,,,,,,〒001-0045 北海道札幌市北区麻生町３丁目９−８,北区,,,バー,,,,,1000,,11:30-15:00 . 17:00-22:00（月曜休）,,,なし,,,,,,,,,,,,,,37127,4.3,59
キャンディファクトリー,営業中,キャンディファクトリー（りんご飴,2,https://www.instagram.com/p/C4fbPsdxRvw,,,https://www.instagram.com/p/C216ppZxiyy,,,,,,狸小路モユクサッポロ1F　正面入口,狸小路,,,スイーツ,,,,,1200,,open11:00-close21:00,,,なし,,,,,,,,,,,,,,1523151,1,1
グリドル＆ジンギスカン LAMP,営業中,,1,https://www.instagram.com/p/C5dLCCtRFWM,,,,,,,,,北海道札幌市中央区南５条西５丁目１９－１　DOWNTOWNGARDEN 1F,中央区,,,ジンギスカン,,,,,,4000,18:00～翌2:00,,,なし,,,,,,,,,,,,,,656603,4.9,163
ココノススキノ　ミングル　らーめんエリア,営業中,,1,https://www.instagram.com/p/C_xonRsSNiK,,,,,,,,,〒064-0804 北海道札幌市中央区南４条西４丁目１−１-４F,中央区,,,ラーメン,,,,,1000,,11:00～24:00,,,なし,,,,,,,,,,,,,,411880,4.4,284
サウナコタン,営業中,,1,https://www.instagram.com/p/C24WzHLRgCl,,,,,,,,,〒062-0034 北海道札幌市西岡４条３丁目７−４５,豊平,,,中華料理,,,,,800,,11:00～23:00(22:30最終入館),,,なし,,,,,,,,,,,,,,562035,3.8,467
ショーグンバーガー,営業中,,1,https://www.instagram.com/p/C_sYmCwSqUh,,,,,,,,,〒060-0063 札幌市中央区南3条西4丁目21番地3 五番街ビル1階,すすきの,,,ジンギスカン,,,,,1500,,11:00~21: 00(LO20:30),,,なし,,,,,,,,,,,,,,44198,4.8,2307
ジンギスカンとモツ鍋ひろ,営業中,,1,https://www.instagram.com/p/C7RTnN7Jvhi,,,,,,,,,〒064-0805 北海道札幌市中央区南５条西５丁目6−５ スターヒルズ 1F,すすきの,,,ジンギスカン,,,,,,4000,17:00〜25:00（日曜は23時まで）,,,なし,,,,,,,,,,,,,,40745,4.5,146
ストリームホテル,営業中,,1,https://www.instagram.com/p/C3Fgk1VRbJR,,,,,,,,,〒064-0804 北海道札幌市中央区南４条西４丁目1−１,すすきの,,,宿泊,,,,,,20000,チェックイン15：00、チェックアウト11：00,,,なし,,,,,,,,,,,,,,254255,4.5,1074
タイ料理 タタヤン,営業中,統合済み: タイ料理タタヤン,1,https://www.instagram.com/reel/DDtsof0vpSk,,,,,,,,,北海道札幌市中央区南５条西４丁目ライラック通り内２Ｆ,中央区,,,タイ料理,,,,,3000,,月～土,日曜・たまに平日,,なし,,,,,,,,,,,,,,52434,4.1,123
ネパリカ,営業中,,1,https://www.instagram.com/p/DAslgD_p2P_,,,,,,,,,〒060-0061 北海道札幌市中央区南１条西１１丁目３２７−１７ ２Ｆ,中央区,,,カレー,,,,,,4000,11～15時／17～23時,日曜・祝日,,なし,,,,,,,,,,,,,,143136,4.4,157
ノースウッドベース,営業中,NORTH Wood Base ノースウッドベース,4,https://www.instagram.com/p/C_P8ktpJZHw,,,https://www.instagram.com/reel/DCgcVzIPIki/,2024-11-18,,https://www.instagram.com/reel/DJYvryFSfEw/,2025-05-08,,北海道札幌市中央区南４条西３丁目6−２ キタコーS4ビル 5F,すすきの,,,居酒屋,,,,,3000,,平日 18:00～26:00,不定期,️宴会幹事、必見！最大100名まで入れて、40名からフロア貸切もできる！。️３種から選べる鍋コースが今なら1000円引き※生ビール付き。️人気のビア缶チキンが付いてくる圧巻コースも✨,なし,,,,,,,,,,,,,,176784,4.3,167
ハイボールバー 札幌1923,営業中,類似?: ハイボールバー 札幌1923／札幌1923,1,https://www.instagram.com/reel/DEuFPk_BwZl,,,,,,,,,〒064-0805 北海道札幌市中央区南５条西６丁目 第３エイトビル １F,中央区,,,バー,,,,,2000,,月～木: 17:00～翌3:00,無し,,なし,,,,,,,,,,,,,,436798,3.9,76
ヒノマル,営業中,,1,https://www.instagram.com/p/C4Ktu4cxxdW,,,,,,,,,北海道札幌市中央区南４条西４丁目1-1 COCONO SUSUKINO4F,中央区,,,カレー,,,,,,4000,Open11:00 Close24:00 (L.O23:00）,,,なし,,,,,,,,,,,,,,60023,4.3,116
ビヤホールライオン 狸小路店,営業中,,1,https://www.instagram.com/reel/DFfF2aMpjN4,,,,,,,,,札幌市中央区南2条西2-7 サッポロビル B1F-2F,狸小路,43.0582,141.3551,洋食,ビアホール,"ランチ,大人数OK,1人OK,老舗",,150,1300,3800,"月-土 11:30-22:00, 日祝 11:30-21:00",無休,大正3年創業！北海道最古のビヤホール,なし,禁煙,,,,,,,,,,,,,79552,3.9,1160
フナサン米カリー,営業中,,1,https://www.instagram.com/p/C2ju_aVxucG,,,,,,,,,〒062-0021 北海道札幌市豊平区月寒西１条９丁目９−６ SORAライブマーケット月寒,豊平,,,カレー,,,,,200,,10:30~18:00(月休＋不定休）,,,なし,,,,,,,,,,,,,,24907,4.2,29
マルマス食堂,営業中,,1,https://www.instagram.com/reel/DDy16qjvhw6,,,,,,,,,北海道札幌市東区北１５条東７－1－24,東区,,,バー,,,,,500,,月～土: 11:00～15:00 17:00～22:00,日曜日（日曜祝日の場合は月休み）,,なし,,,,,,,,,,,,,,338152,,
マーシーズチャーハン,営業中,,1,https://www.instagram.com/reel/DG5YogNx7Ff,,,,,,,,,北海道札幌市中央区大通り西11-4 大通藤井ビル B1F,大通,,,,,,,,900,,月~金 11:30 - 14:00,無し,,なし,,,,,,,,,,,,,,70176,4.1,18
ミアボッカ北2条店,営業中,ミア・ボッカ Mia Bocca 北2条店,2,https://www.instagram.com/p/DAS0mHSpp6g,,,https://www.instagram.com/reel/DLZgBEpvVm6/,2025-06-27,,,,,〒060-0002 北海道札幌市中央区北2条西3丁目1番地20号 sitatte sapporo 2F,札幌駅前,,,イタリアン,パスタ・ウニスパ,"デート,女子会,ランチ,パスタ",,,1000,3500,"11:00～16:00 , 17:00~23:00（日曜は22時まで）",なし,,なし,禁煙,,,,,,,,,,,,2025年6/4-8/17 ウニスパ夏期限定,43206,4.1,379
MILK DO dore iku?（ミルク ド ドレイク?）札幌本店,営業中,,1,https://www.instagram.com/p/C34__kiRJBd,,283229,,,,,,,北海道札幌市中央区北八条西23-1-10,二十四軒,43.0784,141.3232,スイーツ,ドーナツ専門店,"1人OK,テイクアウト,カフェ利用",,,800,,11:00-19:00（売切れ次第終了）,要確認,札幌発の生仕立てドーナツ専門店,なし,禁煙,,,,,,,,,,,,,892994,3.9,302
ラウリリ,営業中,,1,https://www.instagram.com/p/C2ZjmPHRiTq,,,,,,,,,〒060-0042 北海道札幌市中央区大通西１０丁目４−５,中央区,,,カフェ,,,,,,,7:00-17:00 ランチ15:00まで,,,なし,,,,,,,,,,,,,,28016,4.3,30
レコード喫茶「Oak Room」,営業中,,1,https://www.instagram.com/p/C6Vzu9jR1cF,,,,,,,,,札幌市中央区北2条西1丁目1番地,札幌駅前,,,バー,,,,,1500,,毎週金曜・土曜　12:00～16:00（L.O.15:30）,,,なし,,,,,,,,,,,,,,49083,4.6,5
ラーメン札幌一粒庵,営業中,,1,https://www.instagram.com/p/C4qNO9IRl7m,,,,,,,,,札幌市中央区北4条西1丁目 ホクレンビル B1F,札幌駅,43.066,141.3543,ラーメン,味噌ラーメン,"1人OK,ランチ,行列,道産食材",,25,1100,1300,"月 11:00-15:00, 水-日 11:00-15:00/17:00-21:00",火曜,道産小麦特注麺の名物味噌ラーメン,なし,禁煙,,,,,,,,,,,,,191977,4.1,1955
下町焼肉とよしま,営業中,,1,https://www.instagram.com/reel/DGP6PDTP843,,,,,,,,,北海道札幌市手稲区手稲本町2条1-4-18,手稲,,,焼肉,,,,,3000,,月・火・木・日　17:00 - 21:00,水,,なし,,,,,,,,,,,,,,62945,4.4,41
中華居酒屋 香香厨房 JR55ビル店,営業中,類似?: 中華居酒屋 香香厨房／香香厨房,2,https://www.instagram.com/p/DAX-LZ7pEFT,,,https://www.instagram.com/reel/DMcaUnbz26U/,2025-07-23,,,,,北海道札幌市中央区北5条西5丁目 JR55ビル,札幌駅,43.0676,141.349,中華,本格中華,"ランチ,大人数OK,本格中華",,60,1200,4000,"月-土 11:30-15:00/17:00-23:00, 日祝 11:30-15:00/17:00-22:30",無休,自家製熟成醤の麻婆豆腐と手包み肉汁餃子,なし（パセオ店は個室あり）,禁煙,,,,,,,,,,,,,601415,4,311
串鳥 すすきの西５丁目店,営業中,類似?: 陽炎 〜すすきの会員制BAR〜／串鳥 すすきの西五丁目店,2,https://www.instagram.com/reel/DGKwsAWPFlD,,,https://www.instagram.com/reel/DCEPMCxvw34/,2024-11-07,,,,,札幌市中央区南4条西5丁目10-1　つむぎビル2F,すすきの,,,,,,,,2000,,月～金・祝前日: 16:30～23:30,1/1・12/31,,なし,,,,,,,,,,,,,,622986,4.1,59
二代目辰よし 狸小路店,営業中,,2,https://www.instagram.com/reel/DGpyhTaPq9B,,,https://www.instagram.com/reel/DR_zD-wkZbg/,2025-12-08,,,,,北海道札幌市中央区南三条西3-11-4 恒志堂3･3 ビル,狸小路,,,寿司,,,,,1000,,月～日、祝日、祝前日,水曜日,,,,,,,,,,,,,,,,387408,4.3,214
北大学食,営業中,,1,https://www.instagram.com/p/C1rLS25xv4B,,,,,,,,,〒060-0816 北海道札幌市北区北１７条西８丁目 １階,北区,,,カレー,,,,,1000,,11:00~19:00(土日休み),,,なし,,,,,,,,,,,,,,146711,3.7,125
北海学園　学食,営業中,,1,https://www.instagram.com/p/C--PPyySDyc,,,,,,,,,〒062-0911 北海道札幌市豊平区旭町４丁目１−４０,豊平,,,カレー,,,,,300,,平日は10:30~19:30,,,なし,,,,,,,,,,,,,,80463,3.7,125
北海道もんじゃ 薫 すすきの,営業中,,1,https://www.instagram.com/reel/DFPd6upPch6,,,,,,,,,札幌市中央区南5条西5-13 美松タワービル 2F,すすきの,43.0548,141.351,居酒屋,もんじゃ・お好み焼き,"デート向け,女子会,座敷",,48,,5000,"月-木日 15:00-23:00, 金土祝前 15:00-翌0:00",不定休,ミシュラン監修の割烹もんじゃ専門店,なし（座敷あり）,要確認,,,,,,,,,,,,,42602,4.5,694
北海道海鮮工房,営業中,,1,https://www.instagram.com/p/DAajBKmSG0D,,,,,,,,,北海道札幌市東区伏古8条4-1-12,東区,,,海鮮,,,,,1000,,11:00 - 15:00,月曜,,なし,,,,,,,,,,,,,,55099,3.9,54
味一番つばさ,営業中,,1,https://www.instagram.com/p/C1wUhNwRXuR,,,,,,,,,〒064-0804 北海道札幌市中央区南４条西３丁目１−１,中央区,,,ラーメン,,,,,1000,,11:00~03:00(金土は4時まで）,,,なし,,,,,,,,,,,,,,960072,3.8,343
士別成吉思汗 すすきの店,営業中,,1,https://www.instagram.com/reel/DEKA5CGvY6g,,,,,,,,,北海道札幌市中央区南５条西５丁目11 モモヤビル 9F,大通,,,ジンギスカン,,,,,,5000,月〜土,不定休,,なし,,,,,,,,,,,,,,95730,4.6,204
大黒屋 察縨壱號廛 (札幌1号店),営業中,統合済み: 大黒屋 察縨壱號廛(いちごうてん),1,https://www.instagram.com/reel/DF4t4ddvss3,,,,,,,,,札幌市中央区南4条西2丁目10番地6南4西2ビル2階,すすきの,,,ジンギスカン,,,,,,4000,月〜日　15:00〜23:30,なし,,あり,,,,,,,,,,,,,,79931,4.2,237
小熊商店 海鮮丼屋,営業中,,1,https://www.instagram.com/p/C7ecGqqJocH,,,,,,,,,北海道札幌市中央区南三条東１丁目８番地,中央区,,,海鮮,,,,,1000,,07:00 - 14:00（不定休）,,,なし,,,,,,,,,,,,,,47765,4.3,553
居酒屋一心,営業中,,1,https://www.instagram.com/p/C5Ys-ebJA5v,,,,,,,,,〒060-0002 北海道札幌市中央区北２条西３丁目1−２０ 札幌フコク生命越山ビル 2F,中央区,,,バー,,,,,3000,,11:00〜23:00,,,なし,,,,,,,,,,,,,,35750,4.1,664
巡舞ボヤージュ,営業中,,1,https://www.instagram.com/p/C-KlDQDySwd,,,,,,,,,北海道札幌市中央区南６条西３－６－２４　第２桂和ビル　５階１号,すすきの,,,バー,,,,,2000,,18:00～翌4:00,,,なし,,,,,,,,,,,,,,60508,4.8,110
心ー,営業中,,1,https://www.instagram.com/p/C5N5XufSqyv,,,,,,,,,〒064-0807 北海道札幌市中央区南７条西４丁目2−１２ Ｐｌａｚａ７．４浅井ビル 2F プラザ7・4,すすきの,,,和食,,,,,,10000,17:00 - 00:00(日曜休み）,,,なし,,,,,,,,,,,,,,2018621,4,8
札幌牛亭 南3条店,営業中,,1,https://www.instagram.com/p/C3cytkBx3HQ,,88245,,,,,,,北海道札幌市中央区南3条西4-12-1 アルシュビル5F,狸小路,43.0573,141.353,洋食,ハンバーグ,"ランチ,1人OK,ライブキッチン",,20,1500,3500,"11:00-15:00, 17:00-22:00",水曜,ライブキッチンで楽しむ札幌生まれのハンバーグ,なし,禁煙,,,,,,,,,,,,,112963,3.9,103
札幌麺屋一馬 本店,営業中,,1,https://www.instagram.com/reel/DHIjvIav1h7,,,,,,,,,北海道札幌市中央区南６条西３丁目6−１２ 御代川6.3ビル 1F,中央区,,,ラーメン,,,,,950,,火～土: 16:00～翌4:00(LO3:30),日月,,なし,,,,,,,,,,,,,,68541,4,280
櫻茶屋,営業中,,1,https://www.instagram.com/p/C9w389zScR-,,,,,,,,,〒006-0835 北海道札幌市手稲区曙５条４丁目２−１,手稲,,,定食,,,,,1000,,12〜21時,,,なし,,,,,,,,,,,,,,134491,4.1,284
水槽族,営業中,,1,https://www.instagram.com/p/DAfsgkRJ2fE,,,,,,,,,北海道札幌市中央区南5西5 メイプル通りビル　5F,中央区,,,居酒屋,,,,,,5000,17:00 - 00:00,日曜,,なし,,,,,,,,,,,,,,836584,4.1,92
泰龍,営業中,,1,https://www.instagram.com/p/C9FLH3uplu9,,,,,,,,,北海道札幌市中央区南六条西3 御代川63ビル 4F,すすきの,,,中華料理,,,,,,5000,月~金、祝日・祝前日・祝後日,日曜日,,なし,,,,,,,,,,,,,,61023,3.9,8
活一鮮,営業中,,1,https://www.instagram.com/p/C6Bec1-RhXd,,,,,,,,,北海道札幌市中央区南３条西５丁目1‐1ノルベサ地下１階,大通,,,寿司,,,,,3000,,【ランチ月～金】12:00～15:00 (L.O14:30),,,なし,,,,,,,,,,,,,,203307,4.2,2459
澤田商店,営業中,,1,https://www.instagram.com/p/C8bvKxap7cj,,,,,,,,,札幌市中央区南14条西15丁目2-10,中央区,,,海鮮,,,,,300,,10時〜16時,日曜日、祝日　水曜日（不定休）,,なし,,,,,,,,,,,,,,68003,3.7,3
北海道炉端焼き 篝（かがり）,営業中,,2,https://www.instagram.com/p/C53RMZApWKF,,,https://www.instagram.com/reel/DWQunKfyBI3/,2026-03-24,,,,,北海道札幌市中央区南5条西5 LC6番館 4F,すすきの,43.0548,141.351,和食,炉端焼き,"接待,記念日,デート向け,ライブ感",,40,,7000,17:00-23:00,なし（年末年始除く）,目の前で焼き上がる道産食材の炉端ライブ,貸切可,要確認,,,,,,,,,,,,,230472,4.6,145
炭焼き 黒まる,営業中,,1,https://www.instagram.com/p/C45NMjQRArl,,,,,,,,,〒062-0932 北海道札幌市豊平区平岸２条８丁目２−6 第２ 松井ビル平岸ゴールデン街B1F,豊平,,,和食,,,,,,8000,18:00-23:00(日曜休み),,,なし,,,,,,,,,,,,,,88207,4.3,32
炭焼ホルモン 欽ちゃん,営業中,,1,https://www.instagram.com/p/C6QqZ4vyqMK,,,,,,,,,北海道札幌市中央区南２条西１丁目第五広和ビル2F,中央区,,,居酒屋,,,,,3000,,火～金: 16:00～翌0:00,,,なし,,,,,,,,,,,,,,499630,4.1,386
大衆炭火焼肉ジンギスカン ホルモン酒場 風土. 本店,営業中,,1,https://www.instagram.com/p/C5TVcLJRdxp,,,,,,,,,札幌市中央区南6条西4-5-7,すすきの,43.0538,141.352,焼肉,ジンギスカン・ホルモン,"深夜営業,大人数OK,2次会,コスパ",,60,1500,4000,"月-金 17:00-翌5:00, 土 11:30-翌5:00, 日 11:30-翌0:00",なし,大阪仕入れホルモン×北海道ジンギスカン,要確認,要確認,,,,,,,,,,,,,427674,4.7,2562
焼肉そうちゃん 南平岸店,営業中,,2,https://www.instagram.com/reel/DGcyMejP4QM,,,https://www.instagram.com/reel/DMhlsC5TJrS/,2025-07-25,,,,,札幌市豊平区平岸三条14-3-12 第2協同ビル 1F,豊平,,,焼肉,,,,,,5000,月、水～日、祝日、祝前日,火曜,,なし,,,,,,,,,,,,,,126660,4.7,226
焼肉のわびすけ,営業中,,1,https://www.instagram.com/p/C3AQ-TzxxNX,,,,,,,,,〒004-0064 北海道札幌市厚別区厚別西４条６丁目,厚別,,,焼肉,,,,,3000,,月～金、祝前日: 17:00～22:00,,,なし,,,,,,,,,,,,,,137706,3.8,113
焼肉 金太郎,営業中,,1,https://www.instagram.com/p/C39-L9XR6Dg,,14102,,,,,,,北海道札幌市中央区南19条西7丁目,山鼻,43.0357,141.3478,焼肉,国産牛・ホルモン,"家族向け,デート向け",,,,4000,要確認,要確認,国産牛と塩ホルモンが評判の焼肉店,要確認,要確認,,,,,,,,,,,,,170243,4.1,135
焼鳥どん,営業中,,1,https://www.instagram.com/p/DAdIG9EyOdE,,,,,,,,,北海道札幌市中央区南7条西4丁目プラザ7・4浅井ビル2階,すすきの,,,居酒屋,,,,,3000,,17:00 - 23:00,,,なし,,,,,,,,,,,,,,183795,4.5,189
焼鳥ダイニング いただきコッコちゃん北1条店,営業中,,2,https://www.instagram.com/reel/DEE3TRIPo2W,,,https://www.instagram.com/reel/DF93hsmvNbu,,,,,,北海道札幌市中央区北１条西３丁目３－１１　桂和北１条ビル２Ｆ,大通,,,居酒屋,,,,,2000,,月～木: 17:00～翌0:00,なし,,なし,,,,,,,,,,,,,,120208,4.5,494
緑屋,営業中,,1,https://www.instagram.com/p/C3PqRHHR_Rs,,,,,,,,,〒064-0806 北海道札幌市中央区南６条西３丁目6−１４ 秋水ビル 2F,すすきの,,,,,,,,,10000,"17:00~24:00(Lo,23:30)",日曜・祝日,,なし,,,,,,,,,,,,,,1136709,4.2,90
羊と饂飩,営業中,,1,https://www.instagram.com/reel/DF7T2_TPj6e,,,,,,,,,北海道札幌市中央区南４条西３丁目３-１　Ｎｏ１グリーンビルB１,中央区,,,ジンギスカン,,,,,1500,,月～日、祝日、祝前日,なし,,あり,,,,,,,,,,,,,,42871,4.6,116
舌とハラミ 肉猿,営業中,,3,https://www.instagram.com/reel/DGAc26rPitL,,,https://www.instagram.com/reel/DP3UMXkD_SM/,2025-10-16,,https://www.instagram.com/reel/DWvoIY9SobG/,2026-04-05,,北海道札幌市中央区南五条西4-4-2 第20桂和ビル 1F,すすきの,,,焼肉,,,,,,8000,火〜土・祝日前後 18:00〜0:00,,,なし,,,,,,,,,,,,,,494652,4,114
薄野海鮮居酒屋 朝帰り,営業中,,1,https://www.instagram.com/reel/DEUUHG8vl47,,,,,,,,,札幌市中央区南5条西2丁目8-9社交会館ビル2F,すすきの,,,居酒屋,,,,,,4000,[月〜日]22:00〜6:00(L.O5:15),水曜日,,なし,,,,,,,,,,,,,,61810,4.7,79
蜂屋 五条創業店（はちや）,営業中,,1,https://www.instagram.com/reel/DGYA8LBP7mT,,,,,,,,,北海道旭川市五条通7丁目右6,旭川,,,ラーメン,,,,,2000,,10:30 - 19:50,木曜日,,なし,,,,,,,,,,,,,,67501,3.7,2101
貝と酒 アペカムイ,営業中,,1,https://www.instagram.com/reel/DEozjqZPAto,,,,,,,,,ニセコ町字本通106番地9号,,,,,,,,,,,朝食7:00〜9:30(L.O)、夜の部18:00〜,,,なし,,,,,,,,,,,,,,775198,5,16
酒食処たまり,営業中,,1,https://www.instagram.com/reel/DEMlrl9Pu1y,,,,,,,,,北海道札幌市中央区南５条西５丁目９－１　ジャパンランドビル4階,中央区,,,ラーメン,,,,,,4000,18:00〜翌6:00,日曜日,,,,,,,,,,,,,,,,89888,4.7,31
銀座あまくさ 札幌すすきの店,営業中,,1,https://www.instagram.com/p/DAIqO7Ty4eZ,,,,,,,,,札幌市中央区南5条西4丁目 Nスタービル1F,すすきの,43.054,141.3522,居酒屋,馬刺・水炊き,"デート向け,接待,2次会,個性派",,50,,6000,17:00-翌0:00,2026年1月から日曜定休,純国産馬刺と幻の天草大王の水炊き,要確認,要確認,,,,,,,,,,,,,99481,4.7,123
陽炎 〜すすきの会員制BAR〜,営業中,,1,https://www.instagram.com/reel/DE4agGgRQwn,,,,,,,,,北海道札幌市中央区南５条西３丁目 美松ビル 4F,すすきの,,,シーシャ,,,,,,30000,月〜土,日曜,,なし,,,,,,,,,,,,,,57928,3.6,37
雨模羊 Amamoyo,営業中,,1,https://www.instagram.com/reel/DFcVWNGsB43,,,,,,,,,北海道札幌市中央区南5条西4丁目1-18 ニュー美松ビル1階,すすきの,,,ジンギスカン,,,,,3000,,日～木 18:00-26:00,不定休,,なし,,,,,,,,,,,,,,212409,4.9,128
あま屋,営業中,,2,https://www.instagram.com/p/C_z-b8-yiI8,,,https://www.instagram.com/p/C_fwEPkSw6K,,,,,,北海道日高郡新ひだか町静内御幸町2-5-51,,,,ジンギスカン,,,,,1000,8000,月・金・土・日,日、月、火曜日,,あり,,,,,,,,,,,,,,57166,4.1,350
食堂ろらんじゅ,営業中,,2,https://www.instagram.com/p/DA3IMjmyS75,,,https://www.instagram.com/reel/DV8IRkFkgYB/,2026-03-16,,,,,札幌市中央区南５条西３丁目1 5.3ビル 2F,中央区,,,定食,,,,,,10000,月～土: 17:00 - 23:00,水曜定休,,なし,,,,,,,,,,,,,,490854,4.6,82
鮨処 凜,営業中,,1,https://www.instagram.com/p/C4yCdIDRfHD,,,,,,,,,北海道札幌市中央区北3条西1-2-9 ANAクラウンプラザホテル札幌 B1F,札幌駅,43.0654,141.3551,寿司,江戸前寿司,"デート向け,接待,記念日,個室あり",,11,5000,15000,"11:30-15:00, 18:00-22:00（2部制）",水曜,江戸前×熟成のホテル鮨カウンター,あり（完全個室4名まで）,禁煙,,,,,,,,,,,,,116582,4.2,136
鳥屋 桑園店,営業中,,1,https://www.instagram.com/reel/DFKYxWaP6O-,,,,,,,,,北海道札幌市中央区北9条西14丁目1-2 JR桑園駅高架下イーストプラザ内,中央区,,,スイーツ,,,,,2000,,17:00~24:00(LO23:30),不定期,,なし,,,,,,,,,,,,,,177101,2.8,51
麺処まるは RISE,営業中,,2,https://www.instagram.com/p/C4QIL6PxQGG,,,https://www.instagram.com/reel/C4QIL6PxQGG,,33676,,,,北海道札幌市南区澄川3条3-4-7,澄川,43.0095,141.365,ラーメン,貝出汁ラーメン,"1人OK,ランチ,行列",,12,1000,1200,"月-金 11:00-14:30/17:30-20:45, 土 10:00-18:30, 日祝 10:00-14:30",要確認,ミシュラン掲載の貝出汁ラーメン専門店,なし,禁煙,,,,,,,,,,,,,42802,4,332
麺や 匠（南区川沿）,営業中,,1,https://www.instagram.com/p/C79TRU0SzaD,,,,,,,,,北海道札幌市南区川沿12条2丁目1-31（LUCKY川沿店敷地内）,南区川沿,42.9988,141.312,ラーメン,新潟・長岡系生姜醤油,"1人OK,ランチ",,10,1000,,9:00-18:00 LO17:30,水曜・第1第3木曜,新潟長岡系生姜醤油ラーメン専門店,なし,禁煙,,,,,,,,,,,,,111287,4.1,86
3鳥目の夕日,営業中,,2,https://www.instagram.com/reel/DQBmzYZD04M/,2025-10-20,,https://www.instagram.com/reel/DXyjIRsyAO_/,2026-05-01,,,,,〒064-0806 北海道札幌市中央区南6条西3丁目6-24 第2桂和ビル1F,すすきの,,,ラーメン,,,,,1000,,19時〜（限定30食無くなり次第終了）,,,なし,,,,,,,,,,,,,,150650,4.9,76
DARTS&KARAOKE ICE BOX,営業中,,1,https://www.instagram.com/reel/DPD0X96j7QY/,2025-09-26,,,,,,,,〒064-0806 北海道札幌市中央区南６条西２丁目8−５ フォレストビル 2F,すすきの,,,イタリアン,,,,,2000,,19:00〜翌4:00（年中無休）,,,あり,,,,,,,,,,,,,,110602,4.9,7
HEY MEAT,営業中,,2,https://www.instagram.com/reel/DMr5XIfzniX/,2025-07-29,,https://www.instagram.com/reel/DYCD1NUvMzg/,2026-05-07,,,,,北海道札幌市中央区南3条西3-3-2 第2タムラビル 1F,すすきの,,,焼肉,,,,,,5000,月～土・祝日 17:00～24:00,日曜,,なし,喫煙可,,,,,,,,,,,,,72450,4.4,116
MAKIBI YUI,営業中,,2,https://www.instagram.com/reel/DITOyVTSlgp/,2025-04-11,,https://www.instagram.com/reel/DLMlLlBxQ59/,2025-06-22,,,,,札幌市中央区南6条西3-6-2 TAKARA6・3ビル 1F,すすきの,,,居酒屋,,,,,,,18:00～23:00（月曜日～土曜日）,日曜日,,なし,喫煙可,,,,,,,,,,,,,100016,4.4,47
goodsauna&spa SAPPORO,営業中,,1,https://www.instagram.com/reel/DRMRSNjDxIR/,2025-11-18,,,,,,,,ココノススキノ３階,すすきの,,,宿泊,,,,,1780,,11:00～翌10:00（23時間営業）,年中無休,,なし,,,,,,,,,,,,,,752566,4,176
jizai,営業中,,1,https://www.instagram.com/reel/DQ82ddCj4qp/,2025-11-12,,,,,,,,〒064-0806 北海道札幌市中央区南1条西5丁目1-7 N.Vientoビル2F,大通,,,焼肉,,,,,,,17:30〜22:30,日曜・月曜,,なし,,,,,,,,,,,,,,282064,4.8,39
muse 札幌すすきの店,営業中,,5,https://www.instagram.com/reel/CxICKtfJCfe/,2023-09-13,,https://www.instagram.com/reel/DCQ_jW4PGjs/,2024-11-12,,https://www.instagram.com/reel/DIqZ57TRFYP/,2025-04-20,,札幌市中央区南3条西5丁目1-1 ノルベサビル1階,すすきの,,,シーシャ,シーシャカフェ・バー,"デート,カフェ,シーシャ",,,,3000,平日15:00-翌5:00、土日祝13:00-翌5:00,,大きな木のあるおしゃれな大人シーシャカフェ,なし,,,不可（シーシャ）,,,,,,,,,,たまごソファ、テーブルソファあり,47247,4.4,530
tabibitoキッチン,営業中,,1,https://www.instagram.com/reel/DQ3tPCWDza9/,2025-11-10,,,,,,,,〒060-0062 北海道札幌市中央区南2条西7丁目 M’sスペース2F,すすきの,,,,,,,,3000,,日~金 17:00〜23:00、土 17:00〜24:00,水(12月から定休日なし),,なし,喫煙可,,,,,,,,,,,,,1102296,4.3,226
うに丼専門店 凪〜nagi〜,営業中,投稿済み（URL要追加）,0,,,,,,,,,,〒060-0062 北海道札幌市中央区南２条西１丁目5−６ 第二広和ビル 3階,狸小路,,,海鮮,うに丼専門,"ランチ,ディナー,海鮮,接待,記念日",,12,3500,7000,月-土 11:00-15:00(LO14:30) / 17:00-20:00(LO19:30),日曜,工場直営の新鮮ウニ。北海道各地の厳選ウニを松竹梅で食べ比べ可能。和モダンの隠れ家,あり,,,,少人数〜12名まで予約可能,,,,,TEL 011-252-7088、Webサイト・ヒトサラ等,,,,狸小路一丁目、ビル3階の隠れ家。多言語メニュー対応,,4.9,255
うに専門店　世壱屋,営業中,,1,https://www.instagram.com/reel/DL4XAXyz5pK/,2025-07-09,,,,,,,,北海道札幌市中央区南2条東1丁目1-5（二条市場すぐ横）,すすきの,,,,,,,,,4000,9:00〜16:00（Lo15:30）,水曜,,,,,,,,,,,,,,,,85896,4.8,1733
おばんざい真心,営業中,,1,https://www.instagram.com/reel/DJQ_3I6xPuN/,2025-05-05,,,,,,,,北海道札幌市中央区南6条西3丁目秋水ビル3階,すすきの,,,,,,,,3000,,18：00～01：00,毎週日曜日,,なし,,,,,,,,,,,,,,246326,3.5,8
焼肉かねちゃん,営業中,,2,https://www.instagram.com/reel/DHvLsdBShRb/,2025-03-28,,https://www.instagram.com/reel/DSZiiWpj_Sr/,2025-12-18,,,,,〒001-0923 札幌市北区新川三条7丁目1-62,北区,,,焼肉,,,,,3000,,月〜日,年末年始,,なし,禁煙,,,,,,,,,,,,,277532,3.7,298
しめぱふぇと変なおそば ぴよるんぱ すすきの店,営業中,,1,https://www.instagram.com/reel/DR4GJLDjyK2/,2025-12-05,,,,,,,,〒064-0806 北海道札幌市中央区南６条西６丁目7−１ 第６旭観光ビル 7F,すすきの,,,ラーメン,,,,,2000,,,21:00~06:00,,なし,,,,,,,,,,,,,,257255,4.9,249
すすきのらぁ麺　緋AKA,営業中,,1,https://www.instagram.com/reel/DMkJRUqTB96/,2025-07-26,,,,,,,,北海道札幌市中央区南5条西6-9-3 ニュー桂和ビル2F,すすきの,,,ラーメン,,,,,1000,,18:00～翌3:00（金・土曜は翌4:00）,不定休,,なし,禁煙,,,,,,,,,,,,,68575,4.7,83
せいすスタンド,営業中,,2,https://www.instagram.com/reel/DJGu7yKx6vl/,2025-05-01,,https://www.instagram.com/reel/DSwqDmlj3Yx/,2025-12-29,,,,,札幌市中央区南3条西1丁目2-1,すすきの,,,居酒屋,創作和食,"居酒屋,コース,飲み放題",,,,5000,月〜土15:00〜翌1:00,年中無休(12/31~1/2は休み）,,なし,,,,,,,,,,あり（きたごはん限定6600円コース付き）,,,累計27万人来店。きたごはん限定6600円コース（豪華10品+クラフトビール飲み放題）6月末まで,98892,3.5,357
とりいちず札幌駅前通り店,営業中,,1,https://www.instagram.com/reel/DQEMLG5D5iz/,2025-10-21,,,,,,,,〒060-0002 北海道札幌市中央区北2条西3丁目1-18 第25桂和ビル2階,札幌駅前,,,居酒屋,,,,,1500,,平日15:00~28:00　土日祝日12:00-28:00,,,なし,分煙,,,,,,,,,,,,,180695,4.3,404
なぎさホルモン,営業中,,1,https://www.instagram.com/reel/DMPh01DzeB8/,2025-07-18,,,,,,,,北海道札幌市中央区南3条西6 狸小路市場 2F,すすきの,,,,,,,,3000,,17:00 - 23:00,無し,,なし,,,,,,,,,,,,,,4118336,3.2,55
はち揚げ物店,営業中,投稿済み,1,https://www.instagram.com/reel/DD4GQNuPEwH/,2024-12-22,,https://www.instagram.com/reel/DD4GQNuPEwH/,2024-12-22,,,,,北海道札幌市中央区南６条西４丁目　（駅前通り沿い）,中央区,,,,,,,,2000,,月～土、祝前日: 18:00～翌3:00,年中無休,,なし,,,,,,,,,,,,,,293283,3.2,115
りぶれ別邸,営業中,,1,https://www.instagram.com/reel/DNXqaKSzZpu/,2025-08-15,,,,,,,,南4条西3丁目第二グリーンビル7階焼き鳥りぶれ別邸,すすきの,,,バー,,,,,,4000,月～木18:00～翌3:00　金土、祝前日18:00～翌4:00,日,,なし,,,,,,,,,,,,,,89174,4.7,52
わらく堂,営業中,,1,https://www.instagram.com/reel/DJJMmQPRO5R/,2025-05-02,,,,,,,,北海道札幌市白石区栄通7丁目6-30,白石,,,スイーツ,,,,,,,10:00～17:30,年末年始,,なし,,,,,,,,,,,,,,51259,3.9,206
asombroso!江別蔦屋書店,営業中,,1,https://www.instagram.com/reel/DQWO3AEjz6a/,2025-09-25,,,,,,,,北海道江別市牧場町14-1,江別,,,カフェ,,,,,1500,,11:00～20:00,なし,,なし,禁煙,,,,,,,,,,,,江別蔦屋書店内、駐車場あり,,4.5,30
カレーの子くろしお 大通店,営業中,,1,https://www.instagram.com/reel/DNnHrMBzraU/,2025-08-21,,,,,,,,北海道札幌市中央区大通西1丁目14-2 桂和大通りビル50 B2F,大通,,,カレー,,,,,1000,,10:30〜15:00.17:00〜20:00,なし,,なし,,,,,,,,,,,,,,324694,4,182
キイロトシロ,営業中,,1,https://www.instagram.com/reel/DUDGnO6j2P2/,2026-01-28,,,,,,,,札幌市東区丘珠町89-5,東区,,,カレー,,,,,1000,,平日11時〜15時半、17時〜20時（L.O19:30）,,,なし,禁煙,,,,,,,,,,,,,54501,4,209
サテライト札幌,営業中,,1,https://www.instagram.com/reel/DPI93ipDyBX/,2025-09-28,,,,,,,,〒064-0806 北海道札幌市中央区南6条西1丁目1-1,すすきの,,,,,,,,500,,10:00〜20:30,,,なし,分煙,,,,,,,,,,,,,115396,3.3,125
サーモン食堂　北36条店,営業中,,1,https://www.instagram.com/reel/DSW86exD1sf/,2025-12-17,,,,,,,,北海道札幌市北区北36条西4丁目1-20 北地建ビル 1F,北区,,,定食,,,,,1000,,11:30~14:30 17:30~21:00,不定休,,なし,禁煙,,,,,,,,,,,,,264886,4.5,119
ススキノデパート,営業中,投稿済み,1,https://www.instagram.com/reel/DDPHPR7vRjf/,2024-12-06,,https://www.instagram.com/reel/DDPHPR7vRjf/,2024-12-06,,,,,北海道札幌市中央区南５条西２丁目２ サイバーシティービル２Ｆ,すすきの,,,バー,,,,,,5000,毎日営業 17:00～22:00,年中無休,,なし,,,,,,,,,,,,,,553194,4.3,471
ステーキ円山,営業中,,1,https://www.instagram.com/reel/DSMrdxoD2xA/,2025-12-13,,,,,,,,札幌市中央区南７条西26丁目5-4,円山,,,スイーツ,,,,,,,11:30〜15:30.17:00〜22:00,なし,,なし,,,,,,,,,,,,,,122307,4.6,417
ノースパタヤ,営業中,,1,https://www.instagram.com/reel/DR9KEjeDxbR/,2025-12-07,,,,,,,,札幌市中央区南4条西3丁目2-3 第32桂和ビル6F​,すすきの,,,カレー,,,,,,4000,17:00〜23:00,日曜・祝日​,,なし,,,,,,,,,,,,,,78145,4.1,14
ノースミール,営業中,,1,https://www.instagram.com/reel/DHalQaYxn3H/,2025-03-20,,,,,,,,札幌市中央区南1条西14丁目1-321,中央区,,,バー,,,,,1000,,月～日、祝日、祝前日,不定休,,なし,,,,,,,,,,,,,,169974,,
ビヤホールライオン 狸小路店,未投稿(撮影予定/未確認),ビアホール らいおん,0,,,,,,,,,,,,,,,,,,,,,,,,,,,,,,,,,,,,,,,4.4,4774
ジビエとワインのお店 Bistro Nove(ビストロ ノーヴェ),未投稿(撮影予定/未確認),ビストロノーヴェ（株式会社ナイン）,0,,,,,,,,,,札幌市中央区南5西3丁目10 グランド桂和ビル2階,,,,,,,,,,,,,,,,,,,,,,,,,,,,,4.5,39
ラムグチカズヤ,営業中,,2,https://www.instagram.com/reel/DII7kjQRtrg/,2025-04-07,,https://www.instagram.com/reel/DWivB15yNGM/,2026-03-31,,,,,北海道札幌市中央区南五条西2-1-7,すすきの,,,ジンギスカン,,,,,,,月～日 17:00 - 00:00,無,,なし,,,,,,,,,,,,,,1195690,5,34
ル・スナック,営業中,,1,https://www.instagram.com/reel/DLzP48WzAIu/,2025-07-07,,,,,,,,北海道札幌市中央区南５条西３丁目１０ グランド桂和ビル 4階,すすきの,,,,,,,,3000,,SNSをご確認ください,不定休,,なし,喫煙可,,,,,,,,,,,,,63179,5,30
中華そば 色即是空,営業中,,1,https://www.instagram.com/reel/DMM_SaOzSEK/,2025-07-17,,,,,,,,北海道札幌市東区本町２条５丁目６−１２ 坂野コーポ,東区,,,ラーメン,,,,,1000,,11:00〜15:00.17:00〜21:00,水曜,,なし,,,,,,,,,,,,,,65419,4.1,339
前代未聞,営業中,,3,https://www.instagram.com/reel/DN2jSur3kVP/,2025-08-27,,https://www.instagram.com/reel/DP8fCQkDyIi/,2025-10-18,,https://www.instagram.com/reel/DU5IG-Mj0oF/,2026-02-18,,北海道札幌市中央区南六条西3-6-24 第二桂和ビル 1F,中央区,,,ラーメン,,,,,,5000,17:00 - 23:00,日曜日,,なし,喫煙可,,,,,,,,,,,,,276501,4.8,371
創作dining墨（麻生）,営業中,,1,https://www.instagram.com/reel/DL17WKPzdq-/,2025-07-08,,,,,,,,札幌市北区麻生町3丁目10−2,北区,,,寿司,,,,,2000,,14:00〜23:00,日、祝日,,なし,,,,,,,,,,,,,,72907,4.2,19
北海道ジンギスカンキング（トマム）,営業中,,1,https://www.instagram.com/reel/DUpvVdeDxz8/,2026-02-12,,,,,,,,北海道勇払郡占冠村中トマム 星野リゾート トマム内,,,,ジンギスカン,,,,,1500,,,,,なし,,,,,,,,,,,,,,56083,4.6,481
北海道大雪ジンギスカン 雪ノ下,営業中,,3,https://www.instagram.com/reel/DHNtSWDvyZe/,2025-03-15,,https://www.instagram.com/reel/DCd3dpIvDGq/,2024-11-17,,https://www.instagram.com/reel/DLjzHaPPQfy/,2025-07-01,,北海道札幌市中央区南五条西3-1-2 第一ブルーナイルビル 2F,中央区,,,ジンギスカン,,,,,,5000,月〜土,日曜日,,なし,喫煙可,,,,,,,,,,,,,58823,4.8,233
博多餃子舎 603（なまら）,営業中,,2,https://www.instagram.com/reel/DMmtf0OzaI8/,2025-07-27,,https://www.instagram.com/reel/DTXVayIj1wZ/,2026-01-11,,,,,北海道札幌市中央区北４条西２丁目　札幌TRビル2階,札幌駅前,,,中華料理,,,,,3000,,【月-木】,無休,,なし,喫煙可,,,,,,,,,,,,,93620,4.6,888
味覚園　札幌北口店,営業中,,1,https://www.instagram.com/reel/DUP8Daxj7zk/,2026-02-02,,,,,,,,札幌市中央区北9条西4丁目10-1 N9中屋ビル1F,中央区,,,焼肉,,,,,,,,なし,,なし,,,,,,,,,,,,,,153209,3.9,590
和牛料理　蓮,営業中,,1,https://www.instagram.com/reel/DQoRnWuD95F/,2025-11-04,,,,,,,,〒060-0041 北海道札幌市中央区大通東3丁目1-1 トルチュビル1F,中央区,,,和食,,,,,,8000,17:00〜23:00,日曜,,なし,禁煙,,,,,,,,,,,,,59795,4.8,89
大衆ぎょうざ倶楽部 餃夢中 すすきの店,営業中,,1,https://www.instagram.com/reel/DSerRr4jyiT/,2025-12-20,,,,,,,,札幌市中央区南4条西3-1-1 第三グリーンビル3階,すすきの,,,中華料理,,,,,2000,,17:00〜翌5:00,年中無休,,あり,,,,,,,,,,,,,,159093,4.5,163
季節の小料理日和,営業中,,1,https://www.instagram.com/reel/DMXUNGaTGtM/,2025-07-21,,,,,,,,北海道札幌市中央区南5条西2 オークラビル4階,すすきの,,,寿司,,,,,,8000,月～土 祝前日 18:00～翌03:00,日 祝日,,なし,喫煙可,,,,,,,,,,,,,165370,4.6,18
室蘭やきとり鳥辰 狸小路店,営業中,,1,https://www.instagram.com/reel/DUaLLwlj2qI/,2026-02-06,,,,,,,,札幌市中央区皆実3条西5丁目35-2 NKCビル2階,狸小路,,,居酒屋,,,,,,,,なし,,なし,,,,,,,,,,,,,,112141,4.4,129
寿司酒場れもん,営業中,,1,https://www.instagram.com/reel/DOvN9QWEXAg/,2025-09-18,,,,,,,,北海道札幌市中央区南五条西4-4-1 サンヨウビル2号館 1F,中央区,,,寿司,,,,,3000,,日〜木　　　　　18:00〜翌0:00(L.O.23:30),不定休,,なし,,,,,,,,,,,,,,90869,4.5,345
愛とへいわ,営業中,,1,https://www.instagram.com/reel/DQGxAXwjxpT/,2025-10-22,,,,,,,,〒060-0062 北海道札幌市中央区南2条西7丁目5-5 アルキ＆アリエビル,狸小路,,,居酒屋,,,,,3000,,[月・水〜土]16:00〜25:00,不定休,,なし,喫煙可,,,,,,,,,,,,,108842,4.3,39
日本酒あかり,営業中,,1,https://www.instagram.com/reel/DIa5rR9xZVh/,2025-04-14,,,,,,,,北海道札幌市中央区南４条西２－７－５　ホシビル４階,すすきの,,,寿司,,,,,2000,,月～日、祝日、祝前日: 11:00～翌2:00,不定休,,あり,,,,,,,,,,,,,,62995,3.7,688
月と灯,営業中,,1,https://www.instagram.com/reel/DRbuIIqjxWY/,2025-11-24,,,,,,,,〒060-0003 北海道札幌市中央区北３条西７丁目５−１道庁西ビル1階,札幌駅前,,,居酒屋,,,,,3000,,16:00～23:00,なし,,,,,,,,,,,,,,,,97017,4.3,51
天ぷらと酒 札幌天神,未投稿(撮影予定/未確認),札幌天神,0,,,,,,,,,,〒060-0042 北海道札幌市中央区大通西１１丁目４ 大通藤井ビル B1F,,,,,,,,,,,,,,,,,,,,,,,,,,,,,4.6,65
森香珈琲(SOZO工務店),営業中,,1,https://www.instagram.com/reel/DP51knoj9sJ/,2025-10-17,,,,,,,,北海道札幌市中央区南10条西6丁目6-18 2F,中央区,,,スイーツ,,,,,1000,,9:00～17:00,月火曜日,,なし,禁煙,,,,,,,,,,,,,223896,4.2,50
榕榕麻辣烫,営業中,,1,https://www.instagram.com/reel/DTmyGlZj2kd/,2026-01-17,,,,,,,,札幌市中央区南6条西3丁目6-31 ジョイフル酒肴小路 6F,すすきの,,,,,,,,1000,,11:30〜13:00／17:30〜22:00,月曜,,なし,禁煙,,,,,,,,,,,,,72816,4.8,219
汁なし　六鶴,営業中,,1,https://www.instagram.com/reel/DNSfkdFz-EL/,2025-08-13,,,,,,,,〒001-0021 北海道札幌市北区北２１条西４丁目１−１６ ドミール２１,北区,,,ラーメン,,,,,800,,11:00〜21:30,なし,,なし,,,,,,,,,,,,,,138094,4,190
焼肉 神楽 すすきの本店,営業中,,1,https://www.instagram.com/reel/DQlqepaj-9z/,2025-11-03,,,,,,,,〒064-0805 北海道札幌市中央区南5条西4丁目1-14 札幌アルトビル9階,すすきの,,,焼肉,,,,,,15000,18:00〜23:00／日曜定休,"価格：15,000〜20,000円",,あり,分煙,,,,,,,,,,,,,92841,5,92
焼肉処 肉八クロベ,営業中,,1,https://www.instagram.com/reel/DUkh1vqj7d2/,2026-02-10,,,,,,,,北海道札幌市厚別区厚別中央二条5-3-2,厚別,,,焼肉,,,,,,10000,18:00〜24:00（土日祝は17:00-24:00）,,,,分煙,,,,,,,,,,,,,65867,3.9,356
笑山すすきの店,営業中,,1,https://www.instagram.com/reel/DTUxCSYDy0I/,2026-01-10,,,,,,,,札幌市中央区南3条西4丁目21-3 五番街ビル3F,すすきの,,,居酒屋,,,,,,5000,平日　15:00〜24:00,無休,,なし,,,,,,,,,,,,,,172917,5,31
肉海鮮炉端 芯々,営業中,,2,https://www.instagram.com/reel/DOLKsQ7D0Q4/,2025-09-04,,https://www.instagram.com/reel/DRommbpjzDb/,2025-11-29,,,,,北海道札幌市中央区南6条西4-5 高瀬ビル 1F,すすきの,,,海鮮,,,,,,,18:00～24:00（L.O.23:00）,日曜,,なし,喫煙可,,,,,,,,,,,,,618833,4.4,92
蕎麦町 伏古店,営業中,,1,https://www.instagram.com/reel/DQtVbkPk4TK/,2025-11-06,,,,,,,,北海道札幌市東区伏古10条1丁目13-4,東区,,,ラーメン,,,,,1000,,10:30-20:30,,,なし,禁煙,,,,,,,,,,,,,899142,3.5,251
金曜日のみしな,営業中,,2,https://www.instagram.com/reel/DMUtHCYzg4A/,2025-07-15,,https://www.instagram.com/reel/DRO2EKiD_i0/,2025-11-19,,,,,"〒060-0061
北海道札幌市中央区南1条西10丁目4−156大通ホワイトビル 2F",大通,,,カレー,,,,,1380,,,,,なし,,,,,,,,,,,,,,133575,4.7,69
魚でん　札幌すすきの店,営業中,,1,https://www.instagram.com/reel/DOGB9r9j3wN/,2025-09-02,,,,,,,,〒064-0804 北海道札幌市中央区南４条西３丁目１−１ 第３グリーンビル No.3 3F,すすきの,,,寿司,,,,,3000,,月～木: 17:00～翌0:00,なし,,,禁煙,,,,,,,,,,,,,1792339,4.5,493
魚ヤロウ,営業中,,1,https://www.instagram.com/reel/DHdGm8jxYq0/,2025-03-21,,,,,,,,北海道札幌市中央区北２条西３丁目1-18 第25桂和ビル9F,札幌駅前,,,居酒屋,,,,,2000,,月～金、祝前日: 16:00～翌0:00,無し,,あり,,,,,,,,,,,,,,73507,4.7,1410
鳥いち,営業中,,3,https://www.instagram.com/reel/DH0RwxlySAQ/,2025-03-30,,https://www.instagram.com/reel/DM7VENCzggW/,2025-08-04,,https://www.instagram.com/reel/DXGyip9j5Gn/,2026-04-14,,札幌市中央区南2条西1丁目6-1 第3広和ビル1階,狸小路,,,居酒屋,焼鳥・コース,"デート,接待,焼鳥,コース",,,,7000,18:00-23:00（完全予約制）,月,,なし,,,,,,,,,完全予約制,,,,2025年3月31日NEWオープン。狸小路の路地裏,248914,4.9,661
麺 燕参上 すすきの,営業中,,1,https://www.instagram.com/reel/DPipYYyjyk1/,2025-10-08,,,,,,,,札幌市中央区南７条西５丁目２８９サンティエビル1階,すすきの,,,ラーメン,,,,,1000,,19:00-4:00,日曜日,,なし,,,,,,,,,,,,,,167319,3.9,65
麺屋翔 札幌店,営業中,,1,https://www.instagram.com/reel/DQbXW2jj6JW/,2025-10-30,,,,,,,,〒060-0002 北海道札幌市中央区北2条西2丁目33-2 マーシャルビル1階B,札幌駅前,,,ラーメン,,,,,1000,,10:00〜15:00／18:00〜22:00,なし（臨休は公式アカウント参照）,,なし,禁煙,,,,,,,,,,,,,189462,4,227
黒牛セブン,営業中,,1,https://www.instagram.com/reel/DO-qweND1Yu/,2025-09-24,,,,,,,,北海道札幌市豊平区平岸1-16-9-33,豊平,,,焼肉,,,,,1500,,11:00〜15:00.17:00〜21:00,火曜定休,,なし,,,,,,,,,,,,,,491773,4,604
大通公園イベント,営業中,,1,https://www.instagram.com/p/C7G82pVxxsU,,,https://www.instagram.com/p/C269Ac0x20S,,,https://www.instagram.com/reel/CxKvc1BRp0U/,,,大通公園５～７丁目,大通,,,,,,,,1000,,5月26日（日）まで,,,なし,,,,,,,,,,,,,,58348,4.2,84
第75回あっけし桜・牡蠣まつり,営業中,,1,https://www.instagram.com/p/C7Ej6X1pH7O,,,,,,,,,〒088-1111 北海道厚岸郡厚岸町奔渡６丁目9,,,,,,,,,1000,,2024/5/11(土)〜19(日),,,なし,,,,,,,,,,,,,,185643,3.9,552
秘密のカレー部屋,営業中,,1,https://www.instagram.com/reel/CvREqTIg7wm/,2023-07-29,,,,,,,,札幌市南区定山渓 山ノ風マチ内（住所非公開）,定山渓,,,カレー,スパイスカレー,"デート,ランチ,話題",,,2860,,11:00-15:00,火曜（祝日・お盆・GW・正月除く）,住所秘密の完全予約制カレー専門店。第一寳亭留がプロデュース,なし,,,,,,,,,Web予約フォーム必須（完全予約制）,,,,住所は予約者にのみ通知。メニューは1種類のコースのみ,7163,3.9,17
七輪焼肉 安安 札幌南三条店,営業中,,1,https://www.instagram.com/reel/CvZcDcoAz2U/,2023-08-01,,,,,,,,札幌市中央区南３条西１丁目２−４,狸小路・すすきの,,,焼肉,チェーン焼肉,"居酒屋,コスパ,深夜営業",,,1000,3000,11:00-翌6:00,,,なし,,,,,,,,,電話/Web予約可,あり,,,七輪焼肉チェーン,6786,3.6,373
マシッタ（맛있닭 MASHITTA）,営業中,,1,https://www.instagram.com/reel/Cvt8pekg1_i/,2023-08-09,,,,,,,,札幌市中央区南３条西４ アルシュビル １F,狸小路,,,韓国料理,ヤンニョムチキン,"テイクアウト,食べ歩き",,,700,,12:00-21:00,無休,猫の手から商品が出てくる非接触型テイクアウト専門店,なし,,,,,,,,,,,あり（テイクアウト専門）,,タッチパネル注文の非接触スタイル,7253,3.1,40
味噌ラーメン専門店 市琉,営業中,,1,https://www.instagram.com/reel/Cv__jRwJTuv/,2023-08-16,,,,,,,,札幌市白石区本通4丁目南2−14 4丁目ビル 1F,白石,,,ラーメン,味噌ラーメン,"ランチ,ラーメン",,,1000,,営業時間は店舗確認推奨,水曜,白樺山荘で修行した店主、トロトロチャーシューが特徴,なし,,,,,,,,店舗前2台。裏のコインPで100円引き等の特典,,,,,2023年8月オープン,7133,3.5,49
薄野 肉炉端 芯々（肉海鮮炉端 芯々）,営業中,,3,https://www.instagram.com/reel/CwP6trqJpBn/,2023-08-22,,https://www.instagram.com/reel/DCL3x2qNuOU/,2024-11-10,,https://www.instagram.com/reel/DKrGxURRif7/,2025-06-09,,札幌市中央区南6条西4丁目 高瀬ビル１階,すすきの,,,居酒屋,炉端焼き・肉,"デート,接待,コース",,,,6000,18:00-24:00（LO23:00）,月曜,,なし,喫煙可,,,,,,,,電話/Web予約推奨,,,,すすきの駅徒歩5分、目の前で藁焼きパフォーマンス,158126,4.4,92
GENT'S CODE ラウンジ 裏参道店,営業中,,2,https://www.instagram.com/reel/CwhxnhEpGIp/,2023-08-29,,https://www.instagram.com/reel/CxfVz-tRO82/,2023-09-22,,,,,札幌市中央区南１条西２４丁目１−１１ ＬＥＡＤビル 1階,円山・裏参道,,,カフェ・バー,アフタヌーンティー・英国式,"デート,アフタヌーンティー,大人",,,2500,3000,月火13-23、金土13-24、日13-18（水木休）,水・木,英國式紳士服店併設、英国王室御用達ブランドの本格紅茶,なし,禁煙,,バー営業時は要確認,,,,,,事前予約推奨（アフタヌーンティーは2日前まで）,,,,カウンターのみ6席。100年もののアンティーク家具に囲まれたラウンジ,11949,5,56
CLUB100,営業中,,2,https://www.instagram.com/reel/CwmjqnZo8yT/,2023-08-31,,https://www.instagram.com/reel/DKok2aVRkP_/,2025-06-08,,,,,札幌市中央区南五条西2-1-5 中銀すすきのソシアルビル7階,すすきの,,,バー,隠れ家BAR,"デート,大人,バー",10名以上,10名+,,4000,日〜木 19:00-2:00、金土祝 19:00-5:00,無休,,あり,,,不可（バー）,10名以上で利用可能な個室あり,,,,,Instagram DM予約必須（住所・パスワード通知）,,,,Instagram (@privatebarclub100) からのみ予約可能。住所非公開、パスワードでの入店,67917,4.3,3
others.maruyama,営業中,,1,https://www.instagram.com/reel/Cww5WjlxEDN/,2023-09-04,,,,,,,,札幌市中央区南6条西22丁目3-45,円山,,,カフェ,カフェバー,"デート,カフェ巡り,女子会",,,1500,,11:00-23:00（LO22:00）,,インテリア家具店のような店内。飲むソフトはリール提示で注文可,なし,,,,,,,,,,,,,2023年6月オープン。テラス席あり,8543,3.8,33
モツの朝立ち 大衆おっさんパラダイス,営業中,,1,https://www.instagram.com/reel/Cw2egdLJU9B/,2023-09-06,,,,,,,,札幌市中央区南３条西４丁目9 カミヤビル1F,すすきの,,,居酒屋,モツ料理,"居酒屋,深夜",,,,2500,18:00-翌3:00（LO翌2:00）日祝17:00-24:00,月曜・第2火曜,,なし,,,,,,,,,予約不可（早めの来店推奨）,,,,すすきの駅徒歩3分。32席。女性客も多い,16176,4.6,693
スープカレー しゃば蔵,営業中,,1,https://www.instagram.com/reel/Cx2YcGTx1NU/,2023-10-01,,,,,,,,札幌市中央区北１条西４丁目 札幌ノースプラザビル B1F,大通,,,スープカレー,羊骨スープカレー,"ランチ,カレー",,,1300,,11:30-15:00、17:00-22:00,日曜,北海道でも珍しい羊骨スープ。チーズキーマは炙りチーズ対応,あり,,,,個室あり,,,,,,,,,大通駅徒歩3分・札幌グランドホテル隣,18092,4.4,913
灯-Tomoshibi-,営業中,,2,https://www.instagram.com/reel/CyX7tjexPw6/,2023-10-14,,https://www.instagram.com/reel/C7gbtodRgQr/,2024-05-28,,,,,札幌市中央区南５条西４丁目７ 南興ビル ３Ｆ,すすきの,,,和食,創作和食・コース,"デート,接待,コース,個室",4・4・8,8,,12000,月〜土・祝17:00-24:00（LO23:00）日17:00-21:00,12/29-1/3,食べログ百名店EAST 2025選出。完全予約制の隠れ家,あり,,,,カウンター3席、4名個室×2、6〜8名個室×1,,,,,完全予約制（当日不可）,,,,すすきの駅徒歩1分。低温調理・発酵・燻製を融合した創作和食,111459,4.3,52
鈴の家,営業中,,1,https://www.instagram.com/reel/CyiMLXsx_5o/,2023-10-18,,,,,,,,札幌市中央区南３条東４丁目２,中央区東,,,定食・居酒屋,家庭料理・定食,"ランチ,居酒屋,日本酒",,,800,2500,11:00-15:00、17:30-22:00,日曜,自宅改築の隠れ家定食居酒屋。日本酒・自家製梅酒、たまに猫に会える,なし,,,,,,,,,,,,,バスセンター前駅徒歩4分。靴を脱いで入る一軒家,127606,4.2,89
インド・ネパールカレー ナマステ 豊平店,営業中,,1,https://www.instagram.com/reel/CyshqHBRjzM/,2023-10-22,,,,,,,,札幌市豊平区豊平４条３丁目１−１ 1階,豊平,,,カレー,インド・ネパールカレー,"ランチ,カレー,コスパ",,,1200,,11:00-15:00、17:00-22:30（LO22:00）,毎月最終水曜日,ランチはナン・ライス食べ放題。お皿から溢れる巨大ナン,なし,,,,,,,,,,,あり（Uber Eats対応）,,学園前駅徒歩7分,29314,4.4,309
CAFE&BAR めりめろ,営業中,,1,https://www.instagram.com/reel/Cy2vYh6ph6Q/,2023-10-26,,,,,,,,札幌市白石区菊水２条２丁目３−１８,白石・菊水,,,カフェ・バー,ナポリタン・洋食,"ランチ,洋食,カフェ",,,1200,,11:45-22:00,不定休,50年代米国ポップス流れるレトロ空間。アツアツ鉄板パスタ,なし,,,,,,,,,,,あり,,2015年12月オープン。麺切れで早終了の場合あり,448073,4,186
お食事処 かわさき,営業中,,1,https://www.instagram.com/reel/Cy-ry31x7eR/,2023-10-29,,,,,,,,札幌市中央区南１１条西１４丁目２−２７ 川崎アパート,山鼻・市電通り,,,定食,町食堂・洋食中華,"ランチ,定食,コスパ",,,800,,11:00-20:00,日曜,創業60年の老舗。3代目が継承する町中華・洋食,なし,,,,,,,,,,,,,西線11条駅徒歩1分,337586,4.3,229
サッポロトンテキ 白石店,営業中,,1,https://www.instagram.com/reel/CzGKofhxlcc/,2023-11-01,,,,,,,,札幌市白石区南郷通１丁目南９−１ イーストヒル1F,白石,,,洋食,トンテキ・豚料理,"ランチ,ガッツリ,定食",,,1200,,月-土11:00-21:00、日祝11:00-20:00,,,なし,,,,,,,,,,,あり（出前館対応）,,白石駅徒歩1分。三重県名物トンテキを北海道産豚で。ご飯大盛無料、宴会コースあり,413563,3.8,548
ライト食堂,営業中,,1,https://www.instagram.com/reel/CzQjRjGRbQk/,2023-11-05,,,,,,,,札幌市中央区南３条西１７丁目２９１ 西１７すずかけビル 1F,西18丁目,,,洋食・中華,あんかけ焼そば・ハヤシライス,"ランチ,洋食,町食堂",,,1000,,月〜金11:30-14:00/17:30-21:00、日17:30-21:00,土曜,カスタマイズ可。バイク・音楽好きの個性的な店主,なし,,,,,,,,,,,,,西18丁目駅近く,84037,4.5,102
大衆中華 珍萬,営業中,,1,https://www.instagram.com/reel/CzYYL5TRaH6/,2023-11-08,,,,,,,,札幌市北区北１０条西４丁目１−７０,北大前,,,中華料理,町中華・あんかけ,"ランチ,コスパ,定食",,,800,,11:00-14:30、17:00-20:00,日曜,創業60年超の老舗。北大生も通うコスパ町中華,なし,,,,,,,,,,,,,北12条駅徒歩3分,64901,4.1,316
焼鳥酒場 のんべえ,営業中,,1,https://www.instagram.com/reel/CzntDwYR1m6/,2023-11-14,,,,,,,,札幌市中央区南５条西３丁目１０ ニューすすきのビル 2F,すすきの,,,居酒屋,焼き鳥,"居酒屋,焼き鳥,深夜",,,,3500,月火木〜日 18:00-翌3:00（LO翌2:30）,水曜（不定休あり）,,なし,,,,,,,,,,,,,すすきの駅徒歩3分。Uber Eats評価4.6,34204,4.5,44
ビール酒場 麦源（むぎげん）,営業中,,1,https://www.instagram.com/reel/C0JQJWMxHJ9/,2023-11-27,,,,,,,,札幌市中央区南３条西４丁目 J・Boxビル 2F,すすきの,,,居酒屋,クラフトビール・もつ鍋,"居酒屋,ビール,飲み放題",,,,4500,月-土・祝前 17:00-23:00、祝 17:00-22:00,日曜,,なし,,,,,,,,,,あり（黒ビール・ビアリー含む）,,,ビール好き店主の選定したクラフトビール。マルエフは飲み方も選べる,30072,4.2,136
札幌ニューレトロバーMIKADO,営業中,,1,https://www.instagram.com/reel/C0Y7OU9RDGx/,2023-12-03,,,,,,,,札幌市中央区南６条西３丁目 ニューオリンピアビル 4F,すすきの,,,バー,昭和コンセプトバー,"深夜,バー,大人,カラオケ",,,,3500,20:00-翌6:00,,,なし,,,不可（バー）,,,,,,,あり（2時間3300円）,,,すすきの駅3分。1980-2000sリクエスト音楽、カラオケ、ファミコン。LINE予約,,4.9,141
絶倫らーめん すすきの,要確認,,1,https://www.instagram.com/reel/C0q5yCoxnj8/,2023-12-10,,,,,,,,札幌市中央区南７条西４丁目2−１４ すすきの会館 2階,すすきの,,,ラーメン,深夜ラーメン,"ラーメン,深夜",,,,1300,18:00-24:00,,,なし,,,,,,,,,,,,,Web検索で営業情報少なく営業状況要確認,25616,4.7,118
もち処 月寒 いわた,営業中,,1,https://www.instagram.com/reel/C0yqloMRRTW/,2023-12-13,,,,,,,,札幌市豊平区月寒東２条９丁目１−１８,豊平・月寒,,,スイーツ,和菓子・大福,"お土産,和菓子,テイクアウト",,,300,,10:00-17:00,日曜,,なし,,,,,,,,,,,あり（テイクアウトメイン、ベンチ1つ）,,創業60年の老舗もち屋。ほぼ全品100円台,188979,4.3,150
北海道そば 氣鈴亭（きりんてい）,営業中,,1,https://www.instagram.com/reel/C0_b3c0Ruj7/,2023-12-18,,,,,,,,札幌市豊平区月寒東２条８丁目４−８,豊平・月寒,,,そば,十割そば・定食,"ランチ,そば,定食",10名,,1500,2500,平日11:00-14:00、土曜11:00-14:00/17:00-20:00,日曜,,あり,,,,お座敷個室（10名まで）,,,,,,,,,月寒中央駅徒歩8分。北海道フードマイスター監修。奥さん実家がカニ屋,185852,4.3,164
鮨処竜敏（たつとし）,営業中,,1,https://www.instagram.com/reel/C1J3gq5Rrk8/,2023-12-22,,,,,,,,札幌市中央区南5条西3丁目 N・グランデビル1F,すすきの,,,寿司,会席・コース,"接待,デート,コース,寿司",,,,10000,17:30-00:30,,,あり,,,,個室あり,,,,,事前予約推奨,,,,北海道の旬の魚を楽しめる寿司屋。気さくな大将。忘年会・新年会対応,49257,4,164
居酒屋 伸ちゃん,営業中,,1,https://www.instagram.com/reel/C1T-KdeRePI/,2023-12-26,,,,,,,,札幌市厚別区大谷地西３丁目２−１６,厚別・大谷地,,,居酒屋,ローカル居酒屋,"居酒屋,地元密着",,,,2500,17:00-23:00,,,なし,,,,,,,,,事前電話確認推奨,,,,ご夫婦経営のローカル居酒屋。大谷地駅徒歩約15分,57000,4.5,15
味処 こめます,営業中,,1,https://www.instagram.com/reel/C11fZIjxmt4/,2024-01-08,,,,,,,,札幌市豊平区豊平７条８丁目２−１ 東光ストア豊平店西館Ａ棟,豊平,,,定食,定食・カレー,"ランチ,定食,コスパ",,,800,,11:00-21:30,,,なし,,,,,,,,,,,,,学園前駅エリア。漫画充実、奥に座敷あり,202826,3.6,333
レストラン クラーク亭,営業中,,1,https://www.instagram.com/reel/C16strjRWN6/,2024-01-10,,,,,,,,札幌市北区北１２条西４丁目１−１８,北大前,,,洋食,定食洋食屋,"ランチ,洋食,コスパ",,,800,,11:30-22:30,,,なし,,,,,,,,,,,,,北大近く、札幌一の漫画揃え,32181,4.2,477
らーめん龍寿,営業中,,1,https://www.instagram.com/reel/C2M8UHxRUDx/,2024-01-17,,,,,,,,札幌市中央区南５条西３丁目８ 元祖さっぽろラーメン横丁,すすきの,,,ラーメン,ししゃもらーめん,"ラーメン,夜",,,,1000,17:00-23:00,日曜,,なし,,,,,,,,,,,,,元祖らーめん横丁、2023年オープン。前身は「くま吉」,22289,4.2,305
南樽市場,営業中,,1,https://www.instagram.com/reel/C2SM3eqReQt/,2024-01-19,,,,,,,,小樽市新富町１２−１,小樽,,,市場,海鮮市場,"観光,市場,お土産",,,1000,,9:00-18:00,日曜,,なし,,,,,,,,,,,,,小樽市民の台所、観光客も訪問,99980,4.1,2305
YADOYA 天狗の隠れ家,営業中,,1,https://www.instagram.com/reel/C2Ux12dxA0a/,2024-01-20,,,,,,,,小樽市最上２丁目１３−１,小樽,,,宿泊,一棟貸しコテージ,"宿泊,グループ,合宿",,25,,100000,,,,あり,,,,,,,,,,,,,リビング・キッチン広め、プロジェクター、ピアノ、ジム、テラス、ドラム式洗濯機、お風呂2つ,40800,4.8,5
ニューオータニイン札幌 ランデブーラウンジ,営業中,,1,https://www.instagram.com/reel/C2pCUUNx2gr/,2024-01-28,,,,,,,,札幌市中央区北２条西１丁目１−１ ニューオータニイン札幌,札幌駅前,,,ホテル飲食,中華・ビュッフェ,"ランチ,ビュッフェ,ホテル",,,2500,,ランチ 11:30-14:00,,,なし,,,,,,,,,,金土はスパークリングワインも飲み放題,,,サイドビュッフェ（サラダ・デザート・スープ・ドリンク）、コスパ良いアフタヌーンティーも人気,36642,3.7,427
Flair bar es（フレアバーエス）,営業中,,1,https://www.instagram.com/reel/C2uLrMmRqHx/,2024-01-30,,,,,,,,札幌市中央区南４条西４丁目１６ 恵愛ビル 8階,すすきの,,,バー,フレアバー,"バー,深夜,パフォーマンス",,,,3000,18:00-25:00,日曜,,なし,,,不可（バー）,,,,,,,あり（時間無制限）,,,札幌で唯一のフレアショー。ボードゲーム多数,33443,4.4,293
酒といこい 時々…,営業中,,1,https://www.instagram.com/reel/C9R3YFxJRtr/,2024-07-11,,,,,,,,札幌市中央区北5条西6-1-23 北海道通信ビル地下飲食店街,札幌駅前,,,居酒屋,レモンサワー・ひとり飲み,"ひとり飲み,居酒屋,女将",,,,3500,月-金 17:00-24:00、日 15:00-22:00,土曜,,なし,,,,,,,,,,,,,さっぽろ駅徒歩5分の隠れ家。ひとり飲み歓迎,275454,4.6,108
韓国酒場ラフバル,営業中,,1,https://www.instagram.com/reel/C91_osnSg_b/,2024-07-25,,,,,,,,札幌市中央区南６条西４ 野口ビル一階,すすきの,,,韓国料理,サムギョプサル・食べ飲み放題,"デート,韓国,飲み放題",,,,4000,月-木日祝 18:00-翌2:00、金土祝前 18:00-翌4:00,,,なし,,,,,,,,,,あり（食べ飲み放題コース）,,,韓国MV流れる店内,68766,4.6,297
ハッコウキッチン桑園,営業中,,1,https://www.instagram.com/reel/DAqkwlTyW00/,2024-10-03,,,,,,,,札幌市中央区北９条西１８丁目35−８９ 第７藤栄ビル 1階,桑園,,,カレー,発酵キーマカレー,"ランチ,カレー,ヘルシー",,,950,,平日 11:30-13:00（不定期イベント参加）,,,なし,,,,,,,,,,,あり,,平日1時間半のみ営業の幻のカレー。ジンジャービア製造副産物利用,131301,5,11
テルマエ札幌すすきの泉,営業中,,1,https://www.instagram.com/reel/DA8IYdfP_1Z/,2024-10-10,,,,,,,,札幌市中央区南３条西４丁目21-3 五番街ビル4階,すすきの,,,居酒屋,激安飲み放題,"激安,深夜,飲み放題",,,,2500,月-木 16:00-翌0:00、金祝前 16:00-翌3:00、土 13:00-翌3:00、日祝 13:00-翌0:00,,,なし,,,,,,,,,,あり（1時間398円）,,,札幌初上陸の激安居酒屋,65094,4.6,1268
博多屋台メシたかおちゃん,営業中,,2,https://www.instagram.com/reel/DBBK5mXvWB2/,2024-10-12,,https://www.instagram.com/reel/DOVkMIuDz3l/,2025-09-08,,,,,札幌市中央区南七条西5-289 サンティエビル 2F,すすきの,,,居酒屋,博多屋台料理,"居酒屋,九州料理",,,,3500,17:00-24:00,日曜,,なし,喫煙可,,,,,,,,,,,,2024年9月オープン。すすきので福岡屋台の味,755781,4.9,82
うしと肴（うしとさかな）,営業中,,2,https://www.instagram.com/reel/DBQnmygvrfg/,2024-10-18,,https://www.instagram.com/reel/DCv5EAuP95I/,2024-11-24,,,,,札幌市中央区南３条西５丁目３０ 三条美松ビル地下１階,狸小路,,,焼肉・肉料理,生肉店・海鮮丼,"ランチ,ディナー,肉,海鮮",,,2500,4500,昼 11:30-14:30、月木日 17:00-22:00、金土祝前 17:00-23:00,なし（旧:火・水）,,なし,,,,,,,,,,,,,京都の人気生肉店が札幌進出。生食認可店。日本酒500円〜獺祭まで,153801,4.7,182
シハチ鮮魚店 工場直売所,営業中,,1,https://www.instagram.com/reel/DBVxNEBvDnG/,2024-10-20,,,,,,,,札幌市中央区北11条西20丁目2-25（中央卸売市場のすぐ近く）,二十四軒,,,鮮魚,海鮮直売所,"お土産,テイクアウト,海鮮",,,2000,,11:00-15:00,水・日・祝（市場休に準じて）,,なし,,,,,,,,,,,あり（テイクアウトのみ）,,シハチ鮮魚店の直売所,54572,4,4
月島もんじゃ くうや すすきの,営業中,,1,https://www.instagram.com/reel/DBipK28P0Og/,2024-10-25,,,,,,,,札幌市中央区南4条西4-1-1 COCONO SUSUKINO 4F,すすきの,,,もんじゃ・お好み焼き,月島もんじゃ,"居酒屋,デート,もんじゃ",,,,2500,11:00-翌0:00（館に準ずる）,館に準ずる,,あり,,,,個室あり,,,,,,,,,COCONO SUSUKINO 4F、スタッフが目の前で調理,185634,4.9,12347
イタリアンバーBe,営業中,,1,https://www.instagram.com/reel/DBny0RxPKrl/,2024-10-27,,,,,,,,札幌市中央区南６条西３丁目 第２桂和２F,すすきの,,,イタリアン,レストランバー,"デート,接待,コース,個室",,,,4500,月-土・祝・祝前日 18:30-翌5:00,日曜,,あり,,,,完全個室（1組限定）,,,,,,,,,ティファニーブルーがコンセプト。1組限定の完全個室人気,57303,4.9,63
ビーフインパクト室蘭店,営業中,,1,https://www.instagram.com/reel/DB0t_xgPLSO/,2024-11-01,,,,,,,,登別市鷲別町６丁目３１−１,登別・室蘭,,,洋食,ステーキハンバーグ,"ランチ,ファミリー,ドライブ",,,1300,1800,11:00-21:00（料理LO20:30）,12/31、1/1,,なし,,,,,,,,,,,,,海一望、ドライブスポット,56426,3.6,505
Bar CRAFTS MAN,営業中,,2,https://www.instagram.com/reel/DCOattLvRG_/,2024-11-11,,https://www.instagram.com/reel/DIVzlcLyaJ5/,2025-04-12,,,,,札幌市中央区南3条西4-17-3 J・Boxビル 2F,すすきの,,,バー,オーセンティックバー,"デート,大人,バー",,,,3500,月-土 18:00-翌1:00,日・祝,,なし,,,不可（バー）,,,,,,,,,,世界的アーティスト・有名人も通う隠れ家BAR,216413,4.9,421
蕎麦と肴 いっぷく,営業中,,1,https://www.instagram.com/reel/DCTpe7iScbX/,2024-11-13,,,,,,,,札幌市南区澄川四条1丁目1-20,澄川,,,居酒屋,大衆居酒屋,"居酒屋,宴会,大衆",,25,,2500,月-土 17:00-23:00（LO22:00）,日,,なし,,,,,,,,,,,オードブル3300円〜（予約制）,,澄川駅徒歩0分。「きたごはん見た」でサワー1杯サービス。最大25名宴会,70778,4.3,68
イタリア料理居酒屋Bocco,営業中,,1,https://www.instagram.com/reel/DCWJK0mPtJK/,2024-11-14,,,,,,,,札幌市中央区南６条西３丁目 ウエスタン会館５F（完全貸切個室は2F）,すすきの,,,イタリアン,イタリアン居酒屋,"デート,宴会,個室,飲み放題",20,20,,3500,毎日（朝4時まで）,無休,,あり,,,,個室+完全貸切スペース（最大20名）,,,,,,あり（コース付）,,,朝4時まで営業。デート・宴会・貸切対応,272823,4.4,206
刺身居酒屋 海さくらミチマロ,営業中,,1,https://www.instagram.com/reel/DCbStyHTof9/,2024-11-16,,,,,,,,札幌市中央区北五条西5丁目 JR55ビル7F,札幌駅前,,,居酒屋,海鮮居酒屋・コース,"宴会,コース,海鮮",,,,4500,月-金 17:00-23:00、土日祝 17:00-22:00,,,なし,,,,,,,,,,あり（66種類以上、+1500円で日本酒も）,,,コースは4名以上、120分制。当日キャンセル料70%,51220,4.4,1028
スープカレーGARAKU 新千歳空港店,営業中,,1,https://www.instagram.com/reel/DCjeYAnPM2f/,2024-11-19,,,,,,,,千歳市美々 新千歳空港 国内線ターミナルビル3F,新千歳空港,,,スープカレー,空港店,"空港,観光,カレー",,,1500,,9:00-21:00（LO20:30）,,,なし,,,,,,,,,,,,,2024年11月19日新千歳空港にOPEN,72157,3.7,184
北海道×スパニッシュ SPOON,営業中,,1,https://www.instagram.com/reel/DCoKpCtPmG1/,2024-11-21,,,,,,,,札幌市中央区南3条西2丁目7−1 ICC南3条ビルB1F,すすきの,,,スペイン料理,パエリア・本格スペイン,"デート,ディナー,スペイン",,,,4500,毎日,無休,,なし,,,,,,,,,,,,,サッポロビール認定パーフェクトクラシックが世界初飲める,73550,4.2,108
月と太陽BREWING 本店,営業中,,1,https://www.instagram.com/reel/DCtUOqBvrhQ/,2024-11-23,,,,,,,,札幌市中央区南３条東１丁目３ アルファ創成川公園ビル1階,中央区東,,,居酒屋,クラフトビール,"居酒屋,ビール,クラフトビール",,,,3500,17:00-23:00,不定休,,なし,,,,,,,,,,,,,狸小路エリア、ここだけのオリジナルクラフトビール,49673,4.3,641
会員制パフェバー Remake easy 札幌店,営業中,,2,https://www.instagram.com/reel/DC6PrVkPqZR/,2024-11-28,,https://www.instagram.com/reel/DEcCcraPuml/,2025-01-05,,,,,札幌市中央区すすきの（住所非公開・徒歩3分）,すすきの,,,バー,会員制パフェバー,"デート,記念日,大人,パフェ",,,,3500,平日：17：00~25：00（L.O.24：00）,不定休,,なし,,,不可（会員制バー）,,,,,,会員権3300円/月。公式アカウントから応募,,,,住所非公開、すすきの徒歩3分の隠れ家,37642,3.6,431
Dining i Santé,営業中,,1,https://www.instagram.com/reel/DDEfY8mvwT_/,2024-12-02,,,,,,,,札幌市中央区南四条西3-6-2 キタコーS4ビル 6F,すすきの,,,ダイニングバー,ワイン・ワインポーク,"ディナー,ワイン,デート,深夜",,,,4500,月-木 17:00-翌3:00、金土 17:00-翌5:00,日,,なし,,,,,,,,,,,,,すすきの交差点1分、夜景・ダーツあり。「きたごはん見た」でスパークリングワイン1杯サービス,39567,5,4
いつもここすすきの本店,営業中,,2,https://www.instagram.com/reel/DDJz0b7PsJk/,2024-12-04,,https://www.instagram.com/reel/DRl_SzID1Pv/,2025-11-28,,,,,札幌市中央区南3条西2-6 KT3条ビル地下1階,すすきの,,,焼肉,焼肉・サガリ,"焼肉,デート,夜カフェ",,,,3500,月-土 14:00-23:00(LO22:00)、日 14:00-22:00(LO21:30),火,,なし,喫煙可,,,,,,,,,,,,カフェのような広めリラックス空間,142175,4.8,335
旬菜割烹 いざなみ,営業中,,1,https://www.instagram.com/reel/DEhMEMyvYEw/,2025-01-07,,,,,,,,札幌市中央区南4条西2丁目8-12 第31桂和ビル5階,すすきの,,,和食,割烹・居酒屋,"ひとり飲み,居酒屋,日本酒",,,,4500,月-土,日・祝,,なし,,,,,,,,,,,,,すすきので一人飲み歓迎、アットホーム,63589,4.7,66
羊・貝・ホルモン 炭焼ほむら,営業中,,1,https://www.instagram.com/reel/DFub76vvtg5/,2025-02-06,,,,,,,,札幌市中央区南６条西４丁目2-1 ススキノ野口ビル4階,すすきの,,,居酒屋,ジンギスカン・ホルモン・貝,"居酒屋,深夜,ジンギスカン,ホルモン",,,,4500,18:00-翌5:00,不定休,,なし,,,,,,,,,,,,,秘伝の塩ダレ、新鮮ホルモンを店で仕込み,281668,4.7,42
浜っ子 大通・時計台店,営業中,,1,https://www.instagram.com/reel/DGuzpI0PE2a/,2025-03-03,,,,,,,,札幌市中央区北１条西３ ばらと北一条ビルB1,大通,,,居酒屋,海鮮居酒屋,"居酒屋,海鮮,宴会",,,1500,5000,11:30-22:30,不定休,,あり,,,,半個室あり,,,,,,,,,創業52年。札幌駅前から時計台前に移転,98002,4.4,342
それゆけ！鶏ヤロー！ 札幌南3条店,営業中,,1,https://www.instagram.com/reel/DHLJqKyvCQC/,2025-03-14,,,,,,,,札幌市中央区南3条西4丁目21-3 五番街ビル8階,すすきの,,,居酒屋,激安鶏居酒屋,"激安,居酒屋,深夜,飲み会",,,,2500,日-木 17:00-翌1:00、金土祝 17:00-翌5:00,年末年始のみ,,なし,,,,,,,,,,あり（2200円〜）,,,「きたごはん見た」で手羽先10本無料,70486,4.7,1054
SALT MODERATE（ソルト モデラート）,営業中,,1,https://www.instagram.com/reel/DHVc2YCxEJl/,2025-03-18,,,,,,,,札幌市中央区南3条西1-2-1,すすきの,,,居酒屋,オイスターバー,"デート,接待,牡蠣,ビール",,30,,5000,年中無休,なし,,なし,,,,,,,,,,,,,2〜30名団体予約対応,775110,3.7,316
２４スイーツショップ 札幌中央店,営業中,,1,https://www.instagram.com/reel/DHndNF-RRMT/,2025-03-25,,,,,,,,札幌市中央区南８条西９丁目１０３２−５６,中央区,,,スイーツ,スイーツ自販,"スイーツ,テイクアウト,深夜",,,500,,24時間,なし,,なし,,,,,,,,,,,あり（無人販売）,,24時間営業、フォトスポット完備,45372,3.5,16
大衆酒場 富士山 札幌大通本店,営業中,,1,https://www.instagram.com/reel/DH8DpLJRWqS/,2025-04-02,,,,,,,,札幌市中央区南2条西3-11-1 k-23ビル 2階,大通,,,居酒屋,大衆酒場,"居酒屋,昼飲み,コスパ",,,1500,2500,12:00-23:00,なし,,なし,喫煙可,,,,,,,,,,,,昼から飲める喫煙OK、チンチロあり,66848,4.4,916
兎にも角にも かざし,営業中,,1,https://www.instagram.com/reel/DIYYTlSyifF/,2025-04-13,,,,,,,,札幌市中央区南1条西4丁目7-2 四丁目会館 2階,大通,,,居酒屋,カウンター居酒屋,"ひとり飲み,居酒屋,女性店主",,,,4000,平日17:00-23:30、土祝16:00-23:30,日,,なし,,,,,,,,,,,,,女店主のカウンター居酒屋、ひとり飲み歓迎,81662,5,7
焼肉の達人 北野通り店,営業中,,1,https://www.instagram.com/reel/DIirgCNSiMb/,2025-04-17,,,,,,,,札幌市清田区北野2条2丁目7-35,清田,,,焼肉,つぼ八×焼肉,"焼肉,新店",,,,3500,月-金 17:00-24:00、土祝前 16:00-24:00、日祝 16:00-23:00,,,なし,,,,,,,,,,,,,2025年4月18-20日オープニングキャンペーン。「きたごはん見た」で10%OFF（5月末まで）,70151,3.7,30
レストラン カウベル（前田畜産）,営業中,,1,https://www.instagram.com/reel/DI3LC22SLDy/,2025-04-25,,,,,,,,白老郡白老町石山112-14,白老,,,焼肉,白老牛焼肉,"焼肉,白老牛",,,3000,4000,11:00-19:00,水曜・第1/3火曜,,なし,,,,,,,,,,,,,白老牛指定販売店認定第1号。精肉店併設,43762,4.4,404
牛の里,営業中,,1,https://www.instagram.com/reel/DI8bgjWx9S6/,2025-04-27,,,,,,,,白老郡白老町栄町1-6-13,白老,,,焼肉,白老牛直営,"焼肉,白老牛,ランチ",,,2500,,11:00-16:00,火曜・第2/4月曜,,なし,,,,,,,,,,,,,白老牛の出産から提供まで一貫経営。40年以上の名店,57976,4.2,709
BEER STAND SORACHI（札幌駅）,営業中,,1,https://www.instagram.com/reel/DJBlDzOyJUo/,2025-04-29,,,,,,,,札幌市北区北6条西3丁目 JR札幌駅改札内,札幌駅,,,バー,クラフトビール,"駅ナカ,ビール,クラフトビール",,,1500,,平日13:30-21:45、土祝11:30-21:45、日11:30-21:15,年末年始,,なし,,,,,,,,,,,,,JR札幌駅改札内、10席スタンディング,61662,4.5,184
SAVOY EZO（サヴォイエゾ）,営業中,,1,https://www.instagram.com/reel/DJTjQ9yysnN/,2025-05-06,,,,,,,,札幌市中央区北3条西2-1-27 アストリア札幌ビルB1階,札幌駅前,,,イタリアン,ナポリピッツァ,"デート,接待,ピッツァ,個室",2-6,6,2500,5000,月-金祝前 11:00-15:00/17:30-22:00、土日祝 11:00-22:00,水,,あり,,,,2-6名個室あり,,,,,,,,,東京の人気店が札幌進出。30席。ピザ窯囲むカウンター,57232,4.7,210
大衆とり酒場 とりいちず 札幌新琴似・麻生店,営業中,,1,https://www.instagram.com/reel/DJloO71ScO0/,2025-05-13,,,,,,,,札幌市北区新琴似8条1丁目1-1 フロンティア西麻生Ⅱ1階141号,新琴似・麻生,,,居酒屋,チェーン鶏居酒屋,"居酒屋,コスパ,深夜",,127,,1500,平日15:00-翌4:00、休日12:00-翌4:00,,,なし,,,,,,,,,,,,,127席。北海道初上陸,55726,4.6,525
肉匠 NIKUSYO taku ohira,営業中,,3,https://www.instagram.com/reel/DJtVbdFRUom/,2025-05-16,,https://www.instagram.com/reel/DOaoWD4j9jP/,2025-09-10,,https://www.instagram.com/reel/DX825vbyz-b/,2026-05-05,,札幌市中央区南5条西4丁目 第20桂和ビル1F,すすきの,,,焼肉,高級和牛・接待,"デート,接待,焼肉,記念日",10,,,12000,月-土 18:00-24:00,日・祝,,あり,,,,半個室10席,,,,,,,,,26席（カウンター8・テーブル8・半個室10）,119866,4.6,185
蟹座（かにざ）,営業中,,1,https://www.instagram.com/reel/DJv2wf-yX0r/,2025-05-17,,,,,,,,札幌市中央区南4条西2-10-6 南4西2ビル 9F,すすきの,,,海鮮,カニ食べ放題,"デート,接待,カニ,食べ放題",,,,8000,17:00-22:30,不定休,,あり,,,,個室あり,,,,,,,,,2025年5月17日NEWオープン,47795,4.5,418
肉と海鮮 極（きわみ）,営業中,,1,https://www.instagram.com/reel/DJ1DOSdRLxe/,2025-05-19,,,,,,,,札幌市中央区南6条西3丁目6-22 秋水ビル3F,すすきの,,,居酒屋,高級海鮮・肉,"デート,接待,海鮮,カニ",,,,12500,月-土 17:00-23:00,日・祝,,なし,,,,,,,,,,,,,GACKTさんアンバサダー店,92173,4.8,4
旭川成吉思汗 大黒屋 札幌2号店,営業中,,1,https://www.instagram.com/reel/DJ6OiE4Rq4y/,2025-05-21,,,,,,,,札幌市中央区南5条西5丁目1-2 メイプル通りビル2F,すすきの,,,ジンギスカン,生ラム・成吉思汗,"ジンギスカン,デート",,56,,5000,15:00-23:30（LO23:00）,なし,,あり,,,,半個室スペース,,,,,,,,,2025年5月9日NEWオープン。56席,54445,4.3,119
餃子のかっちゃん,営業中,,1,https://www.instagram.com/reel/DJ8zYdmx6CU/,2025-05-22,,,,,,,,札幌市中央区北２条西２丁目38 不二家岡本ビル 1F,札幌駅前,,,居酒屋,餃子・大衆居酒屋,"激安,居酒屋,深夜,昭和レトロ",,106,,2500,月-金日 16:00-翌1:00、土祝祝前 13:00-翌1:00,無休,,なし,,,,,,,,,,あり（食べ飲み放題2780円）,,,札幌駅徒歩5分、106席,77193,4.5,902
ファイヤーバーグ花川店,営業中,,2,https://www.instagram.com/reel/DKB7xxnRFTN/,2025-05-24,,https://www.instagram.com/reel/DW8ctDoyOuq/,2026-04-10,,,,,石狩市花川南7条1-3-1,石狩,,,洋食,ハンバーグ,"ランチ,ファミリー,洋食",,,1500,,月-金 11:00-15:00/17:00-21:00、土日祝 11:00-21:00,不定休,,なし,,,,,,,,,,,,,肉の日（29日）ハンバーグ食べ放題（一部店舗）,267810,3.8,234
めしや 鼓動 札幌店,営業中,,1,https://www.instagram.com/reel/DKEf_gwRL3v/,2025-05-25,,,,,,,,札幌市中央区北２条西２丁目19 ＴＫＰ札幌ビル1F,札幌駅前,,,居酒屋,ボーンブロス・分子栄養学,"居酒屋,デート,ヘルシー,ペット可",,,,6000,月-土・祝前 17:00-翌0:00,日,,あり,,,,個室あり,,,あり（ペットOK席）,,,,,,居酒屋×ミシュラン×分子栄養学のコラボ,58476,4.8,1262
おにぎり いっぷく,営業中,,1,https://www.instagram.com/reel/DKHHvcXx2YX/,2025-05-26,,,,,,,,札幌市中央区南5条西4 バッカスビル 1F,すすきの,,,居酒屋,おにぎり・おばんざい,"深夜,おばんざい,シメ",,,,2000,月-土 17:00-翌5:00,日,,なし,,,,,,,,,,,,,すすきの徒歩圏、朝5時まで営業,2284919,4.1,9
Bistro Nove,営業中,,1,https://www.instagram.com/reel/DKJnYdux2Wx/,2025-05-27,,,,,,,,札幌市中央区南5条西3-10 グランド桂和ビル 2F,すすきの,,,イタリアン,創作イタリアン,"デート,コース,深夜,イタリアン",,,,5500,月火木日 18:00-翌2:00、金土祝前 18:00-翌3:00,なし,,なし,,,,,,,,,,,,,2024年OPEN。月替わりメニュー×ソムリエ厳選ワイン。「きたごはん見た」3品中1品で500円OFF（7月末まで）,61558,4.5,39
厨翠山,営業中,,1,https://www.instagram.com/reel/DKMPBN1RPN5/,2025-05-28,,,,,,,,札幌市南区定山渓温泉西3丁目4番地,定山渓,,,宿泊,料理旅館・温泉,"宿泊,温泉,デート,記念日",,,,45000,チェックイン15:00/チェックアウト11:00（夕食18:00〜/朝食8:00〜）,不定休,,なし,禁煙,13歳以上限定,,,,,,,,,,,第一寳亭留グループの食の宿。レストラン「厨」カウンター20席,67144,4.3,323
me　酒藍（ミーシュラン）,営業中,,1,https://www.instagram.com/reel/DKOz8ljRtsm/,2025-05-29,,,,,,,,札幌市中央区南二条西8-4-1 C-roads 2F,狸小路,,,居酒屋,創作料理・日本酒,"居酒屋,日本酒,デート,ひとり飲み",,,,7500,月-木 17:30-翌2:00、金土 17:30-翌3:00、日 17:00-23:00,なし,,なし,,,,,,,,,,,,,まだ地図に載っていない隠れ家,141024,4.2,33
白老牛のお店いわさき おもてなし亭,営業中,,1,https://www.instagram.com/reel/DKWjRHyRJ2G/,2025-06-01,,,,,,,,白老郡白老町社台271-44,白老,,,焼肉,白老牛すきやき・直営,"白老牛,すきやき",,,5000,,11:00-20:00,水,,なし,,,,,,,,,,,あり（直売所）,,自社牧場最高級「いわさき白老牛」,48515,4.1,514
ASOBUBA（白老キャンプ場）,営業中,,1,https://www.instagram.com/reel/DKbrOQURPCC/,2025-06-03,,,,,,,,白老郡白老町森野98番1,白老,,,宿泊,キャンプ場,"キャンプ,アウトドア,サウナ,白老牛",,,3000,,チェックイン12:30（売店18時まで）、チェックアウト11:00,なし,,なし,,,,,,,あり（今後ドッグラン完備予定）,,,,,,ハンモック、アスレチック、ドームテント完備予定,664267,3.9,153
天野ファミリーファーム,営業中,,1,https://www.instagram.com/reel/DKg1SwlRKrl/,2025-06-05,,,,,,,,白老郡白老町白老766-126,白老,,,焼肉,白老牛・ソフトクリーム,"焼肉,白老牛,記念日",,,5000,,11:00-15:00、16:00-20:00,水・第3木,,なし,,,,,,,,,,,,,海外受賞最高級白老牛。テラス席（5-10月）,44908,4.5,604
赤身焼肉314,営業中,,1,https://www.instagram.com/reel/DKjfugrRKxl/,2025-06-06,,,,,,,,札幌市中央区南4条西2丁目14-2 セントラルS4ビル 8F,すすきの,,,焼肉,赤身焼肉,"焼肉,コース,飲み放題",,,,5500,平日17:00-23:00、土日11:00-23:00,月,,なし,,,,,,,,,,あり（コース付き90分）,,,店名「314」は円周率の意味。日本酒220円〜,62202,4.3,32
やさい村大地 札幌大通店,営業中,,2,https://www.instagram.com/p/C2esSdxRGrC,,,https://www.instagram.com/reel/DKwSIn5Ro5i/,2025-06-11,,,,,札幌市中央区南二条西2-11-5 NSビル B1F,大通,43.0586,141.3545,韓国料理,サムギョプサル・野菜,"韓国,デート,コース,食べ放題",,60,,4500,月-金 17:00-23:00、土日祝 15:00-23:00,なし,野菜食べ放題のサムギョプサル専門店,なし,要確認,,,,,,,,,,,,4000円コースでメインまで付く。無煙ロースター完備,58219,4,79
炭火兜ひつじ,営業中,,1,https://www.instagram.com/reel/DK4CQ7kRpb1/,2025-06-14,,,,,,,,札幌市中央区南6条西3丁目6-2 TAKARA63ビル 1F,すすきの,,,ジンギスカン,羊肉一頭買い・ジビエ,"デート,接待,ジンギスカン,ジビエ",,,,12500,月-木 18:00-24:00（LO23:00）、金土日祝 17:00-24:00,無休,,あり,喫煙可,,,個室1室,,,,,,,,,32席（カウンター6・テーブル4卓・個室1）,237130,4.3,569
寿司処食心,営業中,,1,https://www.instagram.com/reel/DK9KqtQxj9_/,2025-06-16,,,,,,,,石狩市花川南8条西4丁目437,石狩,,,寿司,地元寿司,"寿司,海鮮,ファミリー",,,2500,,11:00-20:00（水は17-20時）,木,,なし,禁煙,,,,,,,,,,,,寿司職人歴33年。タカトシランド出演。「きたごはん見た」割引（7月末まで）,135654,4.8,175
酒と点心 nano,営業中,,1,https://www.instagram.com/reel/DLCSl3FRVyU/,2025-06-18,,,,,,,,札幌市中央区南五条西2-1-5 中銀すすきのソシアルビル 2F,すすきの,,,居酒屋,点心バル,"居酒屋,中華,デート",,,,3500,17:00-翌0:00,日,,なし,,,,,,,,,,,,,サッポロクラシック〜台湾ビール,67265,4.7,21
室蘭やきとり 鳥辰 大通店,営業中,,1,https://www.instagram.com/reel/DLUaheZvqtf/,2025-06-25,,,,,,,,札幌市中央区南1条西5丁目16 プレジデント松井ビル100 1階,大通,,,居酒屋,室蘭やきとり,"居酒屋,焼鳥,ランチ",,36,1500,3500,月-金 11:00-14:30/17:00-22:30、土 14:00-22:30、日祝 14:00-21:30,なし,,なし,喫煙可,,,,,,,,,,,,昭和36年創業 室蘭の老舗。36席,387901,4.4,128
お料理 口福（こうふく）,営業中,,2,https://www.instagram.com/reel/DLek-q8vyFV/,2025-06-29,,https://www.instagram.com/reel/DXbX6CMyn3w/,2026-04-22,,,,,札幌市中央区南4条西5-10 第4藤井ビル 1F,すすきの,,,居酒屋,和居酒屋・ジン,"居酒屋,デート,日本酒,ジン",,20,,5500,月-土 17:00-24:00（LO23:00）,日（不定休・月1）,,なし,喫煙可,,,,,,,,,,,,掘りごたつ式。20席（カウンター3・テーブル2-6名×2、2名×1）,80432,4.5,33
おだし食堂 はなれ 二条市場大通公園店,営業中,,1,https://www.instagram.com/reel/DLo8wUYzWYl/,2025-07-03,,,,,,,,札幌市中央区南2条西1丁目6-2 第20広和ビル 1F,二条市場,,,スープカレー,和割烹スープカレー,"ランチ,スープカレー,和食",,14,3000,5000,11:00-14:30/17:30-20:30,無休,,なし,禁煙,,,,,,,,,,,,14席。美瑛町自社農園無農薬野菜、富良野ポーク等,67529,4.7,700
優しさから生まれた僕たち,営業中,,1,https://www.instagram.com/reel/DMCsvv8zuyG/,2025-07-13,,,,,,,,北海道札幌市中央区円山西町2丁目1-18-2,円山,,,カレー,,,,,1000,,月～土 11:00～15:00,日曜,︎2025年3月オープン、Rojiura Curry SAMURAI.社長が作る新業態カレー。︎店主が食道がんを克服した経験から「体にやさしい食事」を追求。︎11:00～13:00は煮干し中華そば、13:00～15:00はスパイスカレーを提供,なし,禁煙,,,,,,,,,,,,,937693,4.6,33
ワインとヤキニク円山JIN,営業中,,1,https://www.instagram.com/reel/DMKbHPMzEgF/,2025-07-16,,,,,,,,北海道札幌市中央区南6条西23丁目5-12,円山,,,焼肉,,,,,,10000,月・木・金 17:30～22:30,火、水,︎住宅街に佇む隠れ家焼肉店、落ち着いた雰囲気で大人の時間を楽しめる。︎北海道産白老牛「あべ牛」を中心に、厳選和牛や希少部位を提供。︎ワインは自然派を中心に豊富なラインナップ、肉とワインのペアリングが魅力,あり,禁煙,,,,,,,,,,,,,49946,4.5,320
牛羊亭 札幌本店,営業中,,1,https://www.instagram.com/reel/DNDBuEkzxb8/,2025-08-07,,,,,,,,北海道札幌市中央区南6条西3丁目6-29 第2串武ビル2階,すすきの,,,ラーメン,,,,,,4000,17:00～22:30,なし,札幌初！？肉鍋専門店がNEWオープン！。「しゃぶしゃぶ」と「すき焼き」の美味しさを一つにした新感覚鍋。脂身少なめの肩ロースや厳選ショルダーで肉本来の旨みが際立つ,なし,,,,,,,,,,,,,,97634,4.7,48
旭川成吉思汗 大黒屋 察縨参號廛,営業中,,2,https://www.instagram.com/reel/DNIOHwBTh6J/,2025-08-09,,https://www.instagram.com/reel/DSmZGeJj0eD/,2025-12-23,,,,,北海道札幌市中央区南3条西2丁目16-5 藤栄ビルF15 1階,すすきの,,,ジンギスカン,,,,,,5000,12:00～22:00,無休,"︎3号店限定！レイトセットがお得すぎる😍。︎お肉を５種類も食べれるし付け合わせも充実で3,500円（12-16時までの註文）。︎新メニューの３種盛りはラムタンなどの内臓系が楽しめる",なし,禁煙,,,,,,,,,あり,,,,97424,4.5,123
いわき,営業中,,1,https://www.instagram.com/reel/DNiBPtzs4cW/,2025-08-19,,,,,,,,北海道夕張郡長沼町中央南1-6-30,夕張,,,定食,,,,,1000,,11:00～15:00,火曜(土日は不定休）,,なし,禁煙,,,,,,,,,,,,,1028400,4.2,1241
里の森（森のゆ）,営業中,,1,https://www.instagram.com/reel/DNsd84g6EAS/,2025-08-23,,,,,,,,北海道北広島市西の里511-1,北広島,,,ジンギスカン,,,,,3000,,森のゆ　　11:00～21:00,無休（元日とメンテナンス日を除く）,,,,,,,,,,,,,,,,80737,4.2,2070
CAFE BLUE／bakery harry,営業中,,1,https://www.instagram.com/reel/DN7tRESD8Gn/,2025-08-29,,,,,,,,�札幌市中央区南19条西16丁目9-12（CAFE BLUE）/16丁目7-10（bakery harry）,中央区,,,カレー,,,,,500,,�CAFE BLUE 10:00～18:00�,CAFE BLUE 定休日なし,,なし,禁煙,,,,,,,,,,,,,205302,4.3,940
NY Pizza and Wings by Phoenix,営業中,,1,https://www.instagram.com/reel/DOk6OmvD1DK/,2025-09-14,,,,,,,,北海道札幌市中央区南2条西7-7-1 ウィンダムガーデン札幌大通 1F,大通,,,イタリアン,,,,,3000,,ランチビュッフェ　日曜・祝日限定 11:30〜14:00,,,なし,禁煙,,,,,,,,,,,,,192268,4.6,40
シーシャ カフェ＆ピザ C.STAND（シースタンド）札幌すすきの店,営業中,,1,https://www.instagram.com/reel/DO8PWkvj3cP/,2025-09-23,,,,,,,,〒064-0804 北海道札幌市中央区南四条西3-6-2 キタコーS４ビル6階,すすきの,,,イタリアン,,,,,2000,,全日13:00〜翌5:00,,,あり,,,,,,,,,,,,,,67857,4.8,442
MIRACOSTA（ミラコスタ）,営業中,,1,https://www.instagram.com/reel/DPOHcUfD77t/,2025-09-30,,,,,,,,〒060-0063 北海道札幌市中央区南３条西５丁目１−１,,,,キッチンカー,,,,,1,,,,【場所は毎日変わるため、公式アカウントを参照】あのテーマパークで人気のスモークターキーレッグが、札幌で食べられる！。︎ イベントやフェス会場にも随時出店。︎ 熱々・ジューシーな味と豪快さに大満足,なし,,,,,,,,,,,,,,1619814,4.5,3137
ニューイタメシ酒場 grazie すすきの南5条店,営業中,,1,https://www.instagram.com/reel/DPTRGv7DwVJ/,2025-10-02,,,,,,,,〒064-0805北海道札幌市中央区南5条西3丁目11番地 5条ビルB1,すすきの,,,イタリアン,,,,,3000,,17:00〜00:00,,︎ 9月オープン！東京・関東で話題のイタメシ酒場が札幌初進出。︎ 北海道＆全国の厳選食材を使った温度あるイタリアン＆職人の手作り料理。︎ 鮮やかな前菜盛り・もちふわニョッキ・名物ラムチョップ・焼きたてピザなど美食揃い,あり,,,,,,,,,,,,,,104724,4.8,418
さっぽろジンギスカン らむすけ,営業中,,3,https://www.instagram.com/reel/DCGsW1rPT2o/,2024-11-08,,https://www.instagram.com/reel/DQL3KJjj91c/,2025-10-24,,https://www.instagram.com/reel/DWTTigxDx83/,2026-03-25,,札幌市中央区南4条西5丁目6-1 都志松ビル 3F,すすきの,,,ラーメン,,,,,,4000,17:00〜23:00,日曜定休,︎ すすきの駅徒歩5分。1頭から3％幻のお肉が食べられるお店。︎注文されてから調理するラムとマトンは肉本来の旨みたっぷり。︎数量限定！エゾシカはジビエ特有の臭みがなく超新鮮✨,なし,,,,,,,,,,,,,,152805,4.8,350
グリルダイニングいしざき,営業中,,1,https://www.instagram.com/reel/DQRF5lGjyVU/,2025-10-26,,,,,,,,〒060-0063 北海道札幌市中央区南3条西2丁目12-2 ラスコム32ビル1F,すすきの,,,寿司,,,,,,10000,17:00〜23:00　※日曜〜22:00,水曜,︎ 大人向け“炉端スタイル”グリルダイニング。︎ 黒毛和牛・知床どり・道産豚・旬海鮮。︎北海道の厳選素材を職人が目の前で焼き上げる“ライブキッチン”,あり,禁煙,,,,,,,,,,,,,71738,4.6,283
焼肉ぽんが 札幌すすきの店,営業中,,1,https://www.instagram.com/reel/DRRhGYDDxyw/,2025-11-20,,,,,,,,札幌市中央区南3条西5丁目1-1 ノルベサB1F,すすきの,,,焼肉,,,,,,,17:00〜03:00,不定休,"︎ 2025年10月に東京目黒本店から北海道初上陸！SNSで話題沸騰の焼肉。︎ たたみネギたん塩・トリュフとフォアグラの土鍋ご飯はSNS映え&贅沢感✨。︎ 贅沢焼肉コース（10,000円〜）のほか、カップル・ファミリーも使いやすい",なし,分煙,,,,,,,,事前予約推奨,,,,,396723,4.9,1403
札幌つなぐ横丁,営業中,,1,https://www.instagram.com/reel/DRy7gM-DxmD/,2025-12-03,,,,,,,,札幌市北区北6条西6丁目 JR札幌駅西口高架下「WEST6」2階,札幌駅前,,,韓国料理,,,,,2000,,17:00〜24:00前後,日曜,︎ JR札幌駅西口から徒歩数分、国内最大級クラスの屋内横丁として個性派酒場がワンフロアに大集結。︎ 海鮮、肉、韓国、〆の一杯まで、一度の来訪でハシゴ酒が楽しめる！。︎ 仕事帰りの一人飲みやサク飲みにも使いやすいサイズ感,なし,,,,,,,,,,,,,,500887,4.2,208
肉匠 川もり すすきの,営業中,,1,https://www.instagram.com/reel/DSHfnyFjxGQ/,2025-12-11,,,,,,,,札幌市中央区南5条西4丁目7-1 N.Squareビル7階,すすきの,,,焼肉,,,,,,8000,月〜土・祝 18:00〜24:00,日曜定休,︎ 京都・祇園の名店「肉匠 川もり」の味を、札幌すすきので楽しめるプレミアム焼肉店。︎ 長野県産「信州プレミアム和牛」など最高等級A5黒毛和牛のみを厳選して提供。︎ オーダー後に一枚ずつカットするこだわりで、鮮度抜群の状態でお肉が味わえる,あり,,,,,,,,,,,,,,57773,4.6,76
どさんこシェフ イタリアンダイニング,営業中,,1,https://www.instagram.com/reel/DSPNcuzjzuE/,2025-12-14,,,,,,,,札幌市中央区北1条西3丁目 敷島北一条ビルB1,大通,,,イタリアン,,,,,,5000,月〜土 17:00〜23:00,日曜・祝日,︎原価、大丈夫？大の大人でも食べ切れるか怪しい、コスパ最強満腹コースを紹介！。︎ 北海道食材を主役にした“新感覚イタリアン”。︎ 地下歩行空間直結感覚の好立地で、天候も気にしない,なし,禁煙,,,,,,,,,あり,,,,119844,4,4
札幌タン焼 つうたん,営業中,,2,https://www.instagram.com/reel/DHQSE0aRjT6/,2025-03-16,,https://www.instagram.com/reel/DSwp-iUj11L/,2025-12-27,,,,,北海道札幌市中央区南2条西6-5-3 狸小路プラザハウス 2F,狸小路,,,バー,,,,,,6000,月〜土、祝前後日17:00~01:00,12月31日-1月2日(それ以外は無休),︎札幌で唯一の牛タン専門店✨。︎知る人ぞ知る隠れた名店！。︎冬の新作名物真だちユッケなど、お酒が進む絶品なアテが沢山！,なし,,,,,,,,,,,,,,603668,3.5,26
スイーツゴリラ,営業中,,1,https://www.instagram.com/reel/DTAGwr1j7kj/,2026-01-02,,,,,,,,札幌市白石区栄通7丁目2-18 加藤ビル1F,白石,,,ジンギスカン,,,,,1,,11:00〜18:00（生地がなくなり次第終了）,不定休,︎江別の養鶏所から仕入れたこだわり卵を使用。。︎クレープ生地もカスタードクリームもすべて自家製。︎今回は“きたごはんコラボ”限定メニューとして、初のお惣菜クレープ「ジンギスカンクレープ」が登場！,なし,禁煙,,,,,,,,,,あり,,,119287,4.3,139
天ぷらと季節の皿 吉旦,営業中,,1,https://www.instagram.com/reel/DTCtS2Gj2N4/,2026-01-03,,,,,,,,北海道札幌市中央区南３条西５丁目１４ 三条美松ビル 4階,中央区,,,飲食店,,,,,,8000,日曜日17:00~22:00 火〜木曜日17:00~23:00  金、土曜日17:00~26:00,月曜,︎ミシュランレベルの関西風天ぷらを札幌で🍤。︎油や天ぷら粉、調理温度など全てにこだわる店主。︎アンティークで揃えた内装の雰囲気も最高 ☑︎京都の約半額との声も✨,あり,禁煙,,,,,,,,,,,,,407814,4.6,31
焼き鳥BAR 蔵八,営業中,,1,https://www.instagram.com/reel/DTKdboSj6IN/,2026-01-06,,,,,,,,北海道札幌市中央区南3条西5-13-2,すすきの,,,寿司,,,,,3000,,"月〜木,日　15:00-0:00",不定休,︎ノルベサ向かい！一軒家スタイルで落ち着いた雰囲気✨。︎焼き鳥だけでなく北海道日本酒・寿司・牡蠣・もつ鍋・豚しゃぶまで揃う“欲張り居酒屋”。︎ 1階カウンターで職人の串焼きを目の前で、2階個室でしっぽりデートや接待に使い分け可能,あり,,,,,,,,,,,,,,155605,4.7,21
Noodle Labo Oak,営業中,,1,https://www.instagram.com/reel/DTPnCxyDyr9/,2026-01-08,,,,,,,,札幌市中央区南2条西8丁目4-1 C-Road 2F,狸小路,,,ラーメン,,,,,,,火〜土:11:30〜15:30(L.o15:00),,︎豆乳×ラーメン！？札幌で数少ない新感覚ラーメン。︎豆乳味噌は全粒粉の麺とあっさりスープが沁みる。︎旨辛まぜそばは道産パスタ麺でコシのある食感に,なし,,,,,,,,,,,,,,365755,4.8,57
北海道家系ラーメン蒼武家 SOBUYA,営業中,,2,https://www.instagram.com/reel/DTxBAvSD9rr/,2026-01-21,,https://www.instagram.com/reel/DXd-c3XS5vN/,2026-04-23,,,,,札幌市中央区南2条西7丁目1-1 M’sスペース2nd 2F,すすきの,,,ラーメン,,,,,1000,,18:00〜23:00,不定休,︎ 「北海道家系ラーメン」を掲げる新店で、道産食材にこだわった一杯が楽しめる。︎ 豚骨ベースの濃厚スープに、道産小麦の“家系らしい”中太麺を合わせた王道スタイル。︎ ほうれん草・海苔・チャーシューといった家系定番具材に加え、トッピングも多彩で自分好みにカスタマイズ可能,なし,禁煙,,,,,,,,,,,,,135006,4.6,306
居酒屋 鳥秀 すすきの店,営業中,,1,https://www.instagram.com/reel/DUFqfyaj2UN/,2026-01-29,,,,,,,,札幌市中央区南5条西4丁目4-1,すすきの,,,居酒屋,,,,,,,,水曜日,︎漬物×創作串 他では見ない串を食べられる居酒屋。︎ネバネバ昆布つくねは、山わさびの風味が病みつき。︎刺身は「焼き鳥屋なのに刺身も絶品」と口コミされる鮮度,なし,,,,,,,,,,,,,,216466,4.4,183
魚と肉と北海道 蔵 すすきの,営業中,,1,https://www.instagram.com/reel/DUKx3tcD95Q/,2026-01-31,,,,,,,,札幌市中央区南4条西5丁目8 F45ビル2F,すすきの,,,居酒屋,,,,,,6000,月〜土 17:00〜22:00,日曜・祝日添付,︎ 北海道の食品会社直営の“大人のごちそう居酒屋”。︎ きんき・タラバ蟹・動産牛など、魚と肉を一度に楽しめる。︎ 先付けから〆・デザートまで道産素材を散りばめたコースは、接待や記念日に選ばれるクオリティ,あり,禁煙,,,,,,,,,,,,,84647,4.4,82
黒毛和牛 焼きすき焼きしゃぶ 朝焼け,営業中,,1,https://www.instagram.com/reel/DUu4cbGD8-q/,2026-02-14,,,,,,,,札幌市中央区南5条西4-5 すすきの寿ビル1F,すすきの,,,焼肉,,,,,1,,6:00〜14:00,水曜日,︎ すすきのでは珍しい“朝6時オープン”の黒毛和牛専門店。︎ 看板メニューは、黒毛和牛を卵にくぐらせて食べる「焼きすき」と、3種のタレで楽しむ「焼きしゃぶ」。︎ ブリスケ・内もも・サーロインを部位違いで食べ比べできるのが魅力✨,なし,喫煙可,,,,,,,,,,,,,234299,4.7,11
そば処 やまだ【大通店】,営業中,,1,https://www.instagram.com/reel/DU7sZhUDyWS/,2026-02-19,,,,,,,,札幌市中央区大通東1丁目3 北海道中央バス札幌ターミナル 地下1階,大通,,,ラーメン,,,,,700,,11:00-20:00,日曜・祝日,"︎ 1978年創業・月寒本店の味を受け継ぐ老舗そば屋の2号店が札幌中心地にOPEN！。︎ ランチセットは、温・冷のそばと3種の小丼から組み合わせを選べて、オール1,000円！。︎ 手打ちの二八そばと、3カ月寝かせたかえし×本ガツオ・宗田節のだしを合わせた、まろやかなつゆが自慢。",なし,,,,,,,,,,,,,,233466,4.2,5
博多韓国めし 新世界,営業中,,1,https://www.instagram.com/reel/DVInwDYEkcX/,2026-02-24,,,,,,,,北海道札幌市中央区南2条西6丁目5-3 狸小路プラザハウス1F,狸小路,,,韓国料理,,,,,,4000,月〜土曜日15:00~25:00 日祝日15:00~23:00,なし,︎これぞ新世界！韓国料理×博多飯の異色なコラボ専門店がオープン🎉。︎韓国、博多のローカル飯がずらり！。︎ネオンな韓国風ではなく、裏路地にありそうな、ちょっと古くて落ち着く雰囲気の店内✨,なし,喫煙可,,,,,,,,,,,,,146783,3.7,3
焼肉 十（じゅう）,営業中,,1,https://www.instagram.com/reel/DVNudKykmR3/,2026-02-26,,,,,,,,札幌市中央区南6条西4丁目5-8 山形会館3F,すすきの,,,焼肉,,,,,,12000,18:00〜（二部制）,不定休,︎完全予約制。自分で焼かない焼肉屋。︎黒毛和牛中心に肉総量400g！ごはん、キムチおかわり自由。︎ドリンク全品90円の破格設定🔥,なし,,,,,,,,,完全予約制,,,,,550823,4.1,9
札幌ジンギスカン だるまおとし すすきの本店,営業中,,1,https://www.instagram.com/reel/DVYGbmxjwdz/,2026-03-02,,,,,,,,札幌市中央区南7条西4丁目2-6 LC拾壱番館3F,すすきの,,,ジンギスカン,,,,,3000,,17:00〜24:00,なし,︎名物は生ラム肩ロースやラムチョップなど、鮮度重視のジンギスカンが揃うお店。︎「きたごはん見た」で、サッポロクラシックなどドリンクが“全品100円”で楽しめる、すすきの屈指のコスパ酒場🔥。︎1人用鍋もあって“ひとりジンギスカン飲み”もしやすく、0次会〜締めの一軒まで幅広く使える,なし,,,,,,,,,,,,,,57344,4.7,338
サケビヨリ 札幌大通店,営業中,,1,https://www.instagram.com/reel/DVdOwtikjwj/,2026-03-04,,,,,,,,北海道札幌市中央区北一条西3-3-24 札幌中央ビル 2F,大通,,,居酒屋,,,,,5,,17:00〜翌1:00（日、祝は23:30）,不定休,︎全国47都道府県の地酒を厳選。しかも60分560円(税抜)から飲み放題の激安価格。︎旬の海鮮と日本酒飲み放題プランが充実。新鮮刺身5点盛りや焼き物、揚げ物まで海鮮尽くし。︎2026年2月ニューオープンで今が狙い目。大通駅すぐの好立地,あり,,,,,,,,,,あり,,,,58039,4.5,846
創業海老拉麺 海老仙人 すすきの本店,営業中,,1,https://www.instagram.com/reel/DVfwF0-kkuy/,2026-03-05,,,,,,,,札幌市中央区南6条西3丁目6-26 有馬ビル1F,すすきの,,,ラーメン,,,,,1000,,17:00〜翌2:00,不定休,︎2026年2月オープン！すすきの締め新定番。︎毎朝2500尾の紅海老頭を炊き込んだ海老出汁と鶏白湯を合わせた濃厚スープ。︎海老卵練り込み麺がスープに絶妙に絡む,なし,,,,,,,,,,,,,,378214,4.6,143
もつ所 天国ホル門 すすきの,営業中,,1,https://www.instagram.com/reel/DVx1BS8kiRa/,2026-03-12,,,,,,,,〒060-0063 北海道札幌市中央区南3条西3丁目 Gダイニング札幌ビル7階,すすきの,,,飲食店,,,,,,4000,15:00〜24:00,,︎社長がホルモン好きすぎて始めた店。ここで食べられない肉は無い”レベルのラインナップ🔥。︎名物もつ鍋は醤油・塩・辛味噌の3種。トッピングで味変も🍲。︎ぷるっぷるでどデカいホルモンは脂が甘く、噛むたびに旨みが溢れる。,なし,,,,,,,,,,,,,,86742,4.7,9
鉄板焼酒場どてっぱん,営業中,,1,https://www.instagram.com/reel/DV28Yctkr9I/,2026-03-14,,,,,,,,〒064-0805 北海道札幌市中央区南５条西３丁目３−４ precious6ビル B1F,中央区,,,海鮮,,,,,3000,,,なし,︎3/5NEW OPEN東京下町のもんじゃを食べられるお店。︎モダンな内装で女性でも行きやすい店内。︎イカ墨クリームリゾットは海鮮の風味と軽い食べ応えがNo.1の秘訣,なし,,,,,,,,,,,,,,122969,4.7,140
小料理 衣,営業中,,1,https://www.instagram.com/reel/DWLkbjKS_mT/,2026-03-22,,,,,,,,北海道札幌市中央区南2条西6-17-5 TAIYO Bld 2・6 1F,すすきの,,,海鮮,,,,,,8000,17:00〜23:00,不定休,︎西8丁目駅徒歩2分の完全隠れ家小料理屋。︎旬の鮮魚・野菜を丁寧な出汁で味わえる。︎女将さんの人柄が光る落ち着いた空間,なし,,,,,,,,,,,,,,133809,4.3,69
北海道海鮮居酒屋いろりあん すすきの店,営業中,,1,https://www.instagram.com/reel/DWbAnrLyyyG/,2026-03-28,,,,,,,,〒064-0805 北海道札幌市中央区南4条西5丁目8-9 アイビル4•5 2F,すすきの,,,寿司,,,,,3000,,,なし,︎牡蠣1個150円！旬の海鮮が食べられる居酒屋。︎ど迫力の海鮮こぼれ寿司はいくらウニも入って豪華✨。︎道産食材を使った新鮮な魚介や1品も楽しめる,あり,,,,,,,,,,,,,,76036,4.3,49
炭焼ステーキ ビーフインパクト 清田店,営業中,,1,https://www.instagram.com/reel/DWgL-cHSHnz/,2026-03-30,,,,,,,,北海道札幌市清田区清田1条4-1-37,清田,,,バー,,,,,1000,,11:00 〜 21:30,,️ステーキ屋が営む、牛100％ハンバーグが食べられるお店🍖。️ランチはなんとライスが食べ放題！追加料金でガーリックライスに変更も可能！。️もちろんステーキも絶品😋,なし,禁煙,,,,,,,,,,,,,183310,3.9,49
焼肉たんか 南郷13丁目店,営業中,,1,https://www.instagram.com/reel/DWn54JYj54i/,2026-04-02,,,,,,,,札幌市白石区本郷通南12丁目南4-15 土屋ビル1F,白石,,,焼肉,,,,,,4000,17:00〜23:00,水,"︎ 冷凍しない生(チルド)牛タンにこだわり抜いた、絶品ねぎ塩牛タンは必食の一品。︎ 黒毛和牛・ステーキ含む100品以上が楽しめる食べ放題コースが5,800円のコスパ強め。︎ 毎月29日は肉の日！和牛・上牛タンなど単品お肉が全品半額というガチのお祭り",なし,,,,,,,,,,,,,,192510,4.6,124
ジンギスカン ひげのうし 本店,営業中,,1,https://www.instagram.com/reel/DXEOh7XSBNj/,2026-04-13,,,,,,,,札幌市中央区南3条西5丁目35-3,すすきの,,,ジンギスカン,,,,,,4000,17:00〜23:30,なし,︎ 創業約20年、有名人も多く訪れるすすきの名物ジンギスカン店が16周年！。︎ 一度も冷凍しないチルド仕入れ、アイスランド産ショルダーロールなど肉の種類の豊富さが圧巻。︎ 七輪で鍋と網の二段構えスタイル、塩系・ホルモン・味付きは網焼きで肉の旨みを最大限に引き出す,あり,,,,,,,,,,,,,,63210,4.1,878
大衆酒場ラスベガス ニッカ前店,営業中,,1,https://www.instagram.com/reel/DXjIAgcST4o/,2026-04-25,,,,,,,,札幌市中央区南4条西3丁目9-5,すすきの,,,居酒屋,,,,,3000,,月〜木・祝 18:00〜翌4:00,なし,︎ ニッカのすぐ隣というすすきの最強立地に3月NEW OPEN。︎ 今イチオシはホタルイカ、肝の濃さがやばくて一度食べたら絶対また頼む。︎ 友人と来たら「倍マシシリーズ」。ジャンクチーズポテトのベーコン×チーズの塩気が一番人気,なし,,,,,,,,,,あり,,,,174817,4.8,40
出汁と土鍋ご飯 福笑い,営業中,,1,https://www.instagram.com/reel/DXoRnCNyyr1/,2026-04-27,,,,,,,,札幌市中央区南6条西4-1-11 TM-29ビル 1F,すすきの,,,居酒屋,,,,,,4000,17:00〜翌3:00,なし,︎ 2025年12月すすきのにオープン。出汁と土鍋のお店。。︎ 北海道産の昆布で丁寧に引いた出汁で北海道産米を炊き上げる土鍋ご飯。︎ 国産鯛や鴨など素材のレベルが高く、コースでも酒肴一品一品の仕事が感じられる,あり,,,,,,,,,,,,,,62709,4.5,8
海鮮個室酒場 海鮮橘-tachibana-すすきの駅前店,営業中,,1,https://www.instagram.com/reel/DXtYXo8ykbF/,2026-04-29,,,,,,,,北海道札幌市中央区南６条西４－２－４　ススキノ野口ビル３F,すすきの,,,居酒屋,,,,,,4000,11:00～23:00,,️【きたごはん見た】で生付きのみほ2時間が980円のバグ価格！！。️なんでも揃う他ジャンル酒場😋。️最安3000円から飲み放題付きのコースが👍,あり,喫煙可,,,,,,,,,あり,,,,61034,4.2,436
さっぽろ酒呑 純情派,営業中,,1,https://www.instagram.com/reel/DYJvrzmv9K2/,2026-05-10,,https://www.instagram.com/reel/DJd2YL0RbSD/,2025-05-10,,,,,札幌市中央区南2条西6丁目5-3,狸小路,,,居酒屋,,,,,3000,,17:00〜翌1:00,年中無休,︎ 80年代の酒場を切り取ったような空間がリニューアル！。︎名前だけで無くメニューも一新🔥。︎女将が毎日仕込むおでんは出汁が深い,なし,喫煙可,,,,,,,,,,,,,254473,3.8,57
天ぷらと蕎麦と。いしおか,営業中,,1,https://www.instagram.com/reel/DYRgSS1PzA9/,2026-05-13,,,,,,,,札幌市東区北37条東6丁目2-10,東区,,,ラーメン,,,,,3000,,月：11:00〜15:00,なし,︎ 13年間ランチ専門だった蕎麦・天ぷらの名店が、ついに夜営業をスタート！。︎ 10日間熟成させた返しに漬け込むザンギは、これだけで酒が進む。︎ 器からはみ出す巨大ごぼう天そばが大人気,なし,,,,,,,,,,あり,,,,120228,4,203
TAVERN102 THE IZAKAYA & SAKE BAR,営業中,,1,https://www.instagram.com/reel/DFSBWpRPoSB/,2025-01-26,,,,,,,,北海道札幌市中央区南３条西５-1-1ノルベサビル７Ｆ,白老,,,バー,,,,,3000,,17:00～翌0:00 （料理L.O. 23:00 ドリンクL.O. 23:30）,不定期,世界が認めたブランド牛、白老牛を堪能してきた！。希少な赤身のランプステーキが最高。厚切りだけど柔らかいので噛み切れるのが特徴,なし,,,,,,,,,,,,,,68327,4.3,25
酒呑倶楽部 つなよし札幌駅前店,営業中,,1,https://www.instagram.com/reel/DFXPT9kMcpo/,2025-01-28,,,,,,,,北海道札幌市北区北８条西４丁目13番地１,札幌駅前,,,飲食店,,,,,3000,,月～日、祝日、祝前日,なし,全席個室のプライベート空間でゆったりくつろげる。落ち着いた雰囲気でデートや接待にも最適✨。フルーツサワーなどの写真映えメニューも豊富🍓,,,,,,,,,,,,,,,93961,4.1,326
COIN LUCK 札幌店（コインリング作り体験）,営業中,,1,https://www.instagram.com/reel/DCll3_zvezQ/,2024-11-20,,,,,,,,〒064-0801　北海道札幌市中央区南1条西22丁目2-15,中央区,,,飲食店,,,,,,6500,10:00-19:00,水・不定期,大切な人とのペアリング作り体験✨。札幌でヴィンテージ加工できるのはここだけかも！。スタッフさんが丁寧に教えてくれます,,,,,,,,,,,,,,,56502,5,2141
薄野軍鶏そば 嶋や,営業中,,5,https://www.instagram.com/reel/DDl9wewvYQc/,2024-12-15,,https://www.instagram.com/reel/DHqHfe7RMMb/,2025-03-26,,https://www.instagram.com/reel/DLwrHc9vIUu/,2025-07-06,,北海道札幌市中央区南六条西3-6-24 第2桂和ビル 1F,すすきの,,,カレー,,,,,900,,19時〜24時,不定休（インスタ公式アカウント参照）,すすきのにNEWオープン！軍鶏出汁と打ち立て自家製麺の専門店🍜。麺はその日に店長自ら打つ自家製麺でスープが絡みつく。鶏出汁の輝くスープにはコラーゲンも豊富✨,なし,,,,,,,,,,,,,,389629,4.6,1021
solos-ソロス-（カフェ&サウナ）,営業中,,1,https://www.instagram.com/reel/DIBLf2wRuum/,2025-04-04,,,,,,,,"〒060-0061 
北海道札幌市中央区南1条西10丁目4−156大通ホワイトビル 2F",大通,,,スープカレー,,,,,1200,,11:00〜15:00,,西１１丁目のおすすめランチ２選！。どちらも、カフェ「ソロス」の日替わりランチとして食べられる。。もちろんカフェのみの利用もOK！,なし,,,,,,,,,,,,,,64123,5,3
酒肴 つう路,営業中,,1,https://www.instagram.com/reel/DIlSDn-v7jC/,2025-04-18,,,,,,,,酒肴 つう路,中央区,,,飲食店,,,,,,,17:00～00:00（L.O. 料理23:00 ドリンク23:30）※月～日・祝日も営業,年末年始,4/14オープン！まさかの通路に新しくできたお店。ネオンに照らされる、ディープな雰囲気に合う食と酒。まずはおばんざいセットで胃袋掴まれる🤤,あり,,,,,,,,,,,,,,107933,4.9,340
TSUKEMEN ICHI,営業中,,2,https://www.instagram.com/reel/DJL016Qx0e4/,2025-05-03,,https://www.instagram.com/reel/DWGbUnojwqz/,2026-03-20,,,,,〒064-0805 北海道札幌市中央区南５条西４丁目１３,円山,,,ラーメン,,,,,,,19:00 - 03:00,インスタ公式をご確認ください,ススキノで味わう、淡麗醤油の絶品つけ麺専門店！。全国から厳選した乾物を使い、超低温長時間抽出のダブルスープが自慢🍜。円山製麺と共同開発した特注麺は、昆布水に浸してそのままでも美味しい,なし,,,,,,,,,,,,,,125177,4.3,497
お刺身と串焼き ひげ,営業中,,1,https://www.instagram.com/reel/DJoKIQqxht7/,2025-05-14,,,,,,,,北海道札幌市中央区南5条西2丁目1番 美松村岡ビル1F,すすきの,,,海鮮,,,,,,,月～土・祝前日 18:00～翌2:00,日曜（※月曜祝日の場合は日曜営業・月曜休み、不定休あり）,オープンキッチンのカウンターでライブ感たっぷり。味のある店内👍。職人が焼き上げる串焼きはパリッとジューシー、1本180円～とコスパも抜群🔥。新鮮な本鮪や日替わりの刺身盛り合わせは必食の逸品,,,,,,,,,,,,,,,105930,3.8,174
豚骨拉麺 大河,営業中,,2,https://www.instagram.com/reel/DKZHijhxEiJ/,2025-06-02,,https://www.instagram.com/reel/DUVIZ3Gj08f/,2026-02-04,,,,,北海道札幌市中央区南2条西7丁目1 M’sスペース2nd 1F,中央区,,,ラーメン,,,,,,,11:00〜15:00 18:00-23:30,不定休,︎名店直伝「呼び戻し製法」で炊く濃厚クリーミーな豚骨スープ。︎北海道産豚骨を使用し、旨みとコクのある味わい。︎極細ストレート麺は本場福岡の製法、老舗製麺所から特注,なし,禁煙,,,,,,,,,,,,,409066,4.5,1052
閼伽（あか）,営業中,,1,https://www.instagram.com/reel/DKeOUdmRMee/,2025-06-04,,,,,,,,北海道札幌市中央区南3条西4丁目8-1 浅野ビルB1F,すすきの,,,イタリアン,,,,,,,17:00～24:00（L.O.23:00）,無し,︎すすきの駅徒歩2分、地下に広がる“秘密の隠れ家”炉端焼き店。︎入口はインターホンを押して入る、特別感あふれる演出✨️。︎巨大な囲炉裏を囲むカウンターで、旬食材を目の前で焼き上げるライブ感🔥,,禁煙,,,,,,,,,,,,,52313,4.3,112
いつでもスイーツ札幌北24条店,営業中,,1,https://www.instagram.com/reel/DL9jEkyTn5F/,2025-07-11,,,,,,,,北海道札幌市北区北24条西4丁目3-1,北区,,,スイーツ,,,,,,,24時間営業,年中無休,︎7月12日オープン！全国120店舗以上の無人スイーツ販売店の札幌2号店🍰。︎全国のお取り寄せスイーツが1つから購入できる、24時間365日営業の無人ショップ。︎SNSで話題のスイーツが勢ぞろい！,なし,,,,,,,,,,,,,,51726,2.3,3
RAMEN ICHI（ラーメン イチ）,営業中,,3,https://www.instagram.com/reel/DMpRI1Ezcjg/,2025-07-28,,https://www.instagram.com/reel/DRWkfoAj0d-/,2025-11-22,,https://www.instagram.com/reel/DUz_tfwD-iP/,2026-02-16,,北海道札幌市中央区南6条西4丁目 プラザ6.4ビル 2F,すすきの,,,ラーメン,,,,,1000,,営業時間:19:00〜27:00,不定休,︎最高の締め。大量の煮干し出汁が香るラーメン専門店🍜。︎「夜鳴き中華そば」は煮干し香る淡麗系スープに、北海道産小麦のちぢれ麺。︎チャーシューや味玉、ワンタンなどが乗る特上夜鳴き中華そばも人気,なし,禁煙,,,,,,,,,,,,,2345068,4.3,732
北海道海鮮居酒屋てっちゃん,営業中,,1,https://www.instagram.com/reel/DMxFcOWz0Dd/,2025-07-31,,,,,,,,北海道札幌市中央区南3条西2丁目1-5 Tabist THE GREEN SAPPORO 2F,すすきの,,,居酒屋,,,,,3000,,月～日・祝 16:00～24:00,なし,︎2025年7月25日オープン！豊水すすきの駅すぐの大型海鮮居酒屋。︎あの串で有名なてっちゃんが、今度は海鮮が主役。︎毎日新鮮な刺身や炉端焼き、海鮮丼などなど,,喫煙可,,,,,,,,,,,,,72400,4.9,895
炙り居酒屋 うおぎゅう 北24条駅前店,営業中,,1,https://www.instagram.com/reel/DM2JK7AzzaN/,2025-08-02,,,,,,,,北海道札幌市北区北24条西5丁目1-21 ノース24高砂ビル1階,北区,,,寿司,,,,,3000,,17:00〜23:15,なし,"︎破格！寿司・焼肉食べ飲み放題が4,000円から。︎食べ飲み放題コースにはうおぎゅう3大名物肉も。︎5,500円コースでは和牛ロースにアワビ握りも！",なし,,,,,,,,,,,,,,379687,4.3,449
ろばた居酒屋鮮場しゃも次郎,営業中,,1,https://www.instagram.com/reel/DPdkcXij31q/,2025-10-06,,,,,,,,〒060-0061 北海道札幌市中央区南１条西７丁目7-7-1 いーなビル,大通,,,居酒屋,,,,,,,→平日17:00〜23:00,なし,︎大通駅から徒歩５分。新鮮な海鮮が堪能できる居酒屋。︎新名物、プリップリの特大エビしゃぶは10本3300円！。︎赤字覚悟！厚岸産の牡蠣は破格の155円（３個目から226円）,,,,,,,,,,,,,,,493247,4,328
SABO_PATISSERIE salon byS,営業中,,2,https://www.instagram.com/reel/DQyirB3D69y/,2025-11-08,,https://www.instagram.com/reel/DXL85v8yM-4/,2026-04-16,,,,,札幌市中央区南6条西4丁目5番地高瀬ビル１階,すすきの,,,スイーツ,,,,,1800,,19:00〜25:00,日曜・不定月曜,︎10/31　すすきのに移転OPEN！モンブランとパフェ専門。︎ボリュームと見栄え抜群のスイーツなら間違いなくここ。︎宮崎県産和栗使用の濃厚モンブラと季節のパフェ。和紅茶とのペアリングが名物化,なし,禁煙,,,,,,,,,,,,,144938,4.2,17
Aivalley MIYANOMORI（アイバレー宮の森）,営業中,,1,https://www.instagram.com/reel/DRJts_Vj0g9/,2025-11-17,,,,,,,,札幌市中央区宮の森2条7丁目1−58,札幌駅前,,,スイーツ,,,,,1000,,11:00〜17:00,,︎世界でここだけ！“赤いはちみつ”の専門カフェ＆ショップ🐝。︎北海道産はちみつ×地元特産“アロニア”果汁を独自調合した「赤いはちみつ」は、7年かけて開発✨。︎フレンチトーストなどのスイーツが店内で食べられる🤤,なし,禁煙,,,,,,,,,,,,,225981,4.5,59
CURRY KITCHEN onion,営業中,,1,https://www.instagram.com/reel/DRwVl1Kj0Xs/,2025-12-02,,,,,,,,札幌市東区北7条東4丁目28-49,東区,,,カレー,,,,,,,11:00〜15:00.17:00〜21:30,なし,︎女性店主が営むおしゃれ空間でスパイスカレー🍛。︎冬限定和風出汁キーマは、後から出汁をかけるひつまぶし風。︎大人気は17種類のスパイスと玉ねぎの水分でつくる無水チキンカレー,なし,,,,,,,,,,,,,,102058,4.3,347
てっぱん焼ダイニング ゑびす,営業中,,1,https://www.instagram.com/reel/DSUYuJEDwk8/,2025-12-16,,,,,,,,北海道札幌市中央区南5条西3丁目8 Nグランデビル2F,すすきの,,,飲食店,,,,,,8000,17:00~00:00,不定休,︎香り・音・温度まで楽しめる、五感をフル稼働させる贅沢鉄板焼きコース😋。︎誕生日や記念日はもちろん、会食でも“間違いない選択”ができる大人の一軒。︎目の前で仕上がる音と迫力。家では一生再現できない鉄板焼きのライブ体験✨,なし,,,,,,,,,,,,,,104530,4.2,172
らむしゃぶ蝦夷羊～灯の座～,営業中,,1,https://www.instagram.com/reel/DT95z4rD7O4/,2026-01-26,,,,,,,,札幌市中央区南4条西2-8-7 わたなべビル6F,すすきの,,,ジンギスカン,,,,,,5000,月～日 16:00～23:30,年末年始など一部時間短縮営業あり​,︎ ジンギスカンで人気の「蝦夷羊」姉妹店としてオープンしたラムしゃぶ専門店。︎ スープは黄金だしや薬膳だしなど全7種類。︎ 1ミリと2ミリの薄切り肉。たった１ミリで変わる食感と味を堪能,なし,喫煙可,,,,,,,,,,,,,87507,4.7,298
さっぽろ雪まつり,営業中,,1,https://www.instagram.com/reel/DFpgybOOYJv/,2025-02-04,,,,,,,,札幌大通り公園の西1丁目から西11丁目まで,大通,,,その他,,,,,,,2/4〜2/11まで,,,,,,,,,,,,,,,,,,,
写真工房ぱれっと サッポロファクトリー店,営業中,,1,https://www.instagram.com/reel/DMSHKTsTAu_/,2025-07-19,,,,,,,,北海道札幌市中央区北二条東4丁目 サッポロファクトリーえんとつ広場1F,中央区,,,その他,,,,,,,10:00～18:30,年中無休,,,,,,,,,,,,,,,,,,
【2025さっぽろ大通ビアガーデン】,営業中,,1,https://www.instagram.com/reel/DMUuQoZzQzs/,2025-07-20,,,,,,,,北海道札幌市中央区大通西7丁目 大通公園内,大通,,,その他,,,,,1000,,2025年7月18日（金）～8月13日（水）,無休（荒天時は営業中止あり）,,,,,,,,,,,,,,,,,,
北海道芸術花火2025（モエレ沼公園）,営業中,,1,https://www.instagram.com/reel/DORqOGPj3uR/,2025-09-06,,,,,,,,札幌市東区モエレ沼公園1-1,東区,,,その他,,,,,,5500,2025年9月6日（土）開場16:00／花火打上19:15～20:15,,,,,,,,,,,,,,,,,,,
オータムフェスト,営業中,,1,https://www.instagram.com/reel/DOhQoQVEwNz/,2025-09-12,,https://www.instagram.com/reel/DOdNhqmj-Xg/,2025-09-11,,,,,大通公園10丁目,大通,,,その他,,,,,,,,,,,,,,,,,,,,,,,,,,
森の中で揺られるシーシャカフェ&バー AppareShisha,営業中,,1,https://www.instagram.com/reel/DPYaIeMj63s/,2025-10-04,,,,,,,,〒064-0805 北海道札幌市中央区南5条西3-10 グランド桂和ビル6F,中央区,,,その他,,,,,2000,,平日18:00〜6:00／土日祝15:00〜6:00（不定休）,,,,,,,,,,,,,,,,,,,
アートメイク(札幌HORM CLINIC),営業中,,1,https://www.instagram.com/reel/DR6lTQ-D5G-/,2025-12-06,,,,,,,,札幌市中央区宮の森3条12丁目1-1 愛生館ラボ2F,中央区,,,その他,,,,,,60000,,,,,,,,,,,,,,,,,,,,
CASETiFY STUDiO 札幌PARCO店,営業中,,1,https://www.instagram.com/reel/DSrj14CD8qS/,2025-12-25,,,,,,,,札幌市中央区南1条西3丁目 札幌PARCO 2F​,中央区,,,その他,,,,,,10000,10:00〜20:00​,PARCO定休日に準拠​,,,,,,,,,,,,,,,,,,
ドクターネイル爪革命 札幌本店（南郷7丁目）,営業中,,1,https://www.instagram.com/reel/DT2NdSqD67Z/,2026-01-23,,,,,,,,札幌市白石区本郷通9丁目南2-5(南郷7丁目駅から7分),白石,,,その他,,,,,,5000,9:00〜19:00（最終受付18:00）,年末年始のみ,,,,,,,,,,,,,,,,,,
スイートデコレーション（スイデコ）,営業中,,1,https://www.instagram.com/reel/DU-VvuhjwzX/,2026-02-20,,,,,,,,〒062-0034 北海道札幌市豊平区西岡４条３丁目１−４５,,,,その他,,,,,,,10:00〜19:00（店舗による）,不定休,,,,,,,,,,,,,,,,,,
もみほぐし専門店 もみ福,営業中,,1,https://www.instagram.com/reel/DVk5sL6ElAz/,2026-03-07,,,,,,,,〒064-0807 北海道札幌市中央区南７条西３丁目７−１６ ７階,中央区,,,その他,,,,,3000,,13:00〜翌6:00,不定休,,,,,,,,,,,,,,,,,,
Oh my teeth,営業中,,1,https://www.instagram.com/reel/DWOJRcbyr71/,2026-03-23,,,,,,,,〒060-0003 北海道札幌市中央区北３条西３丁目１−４４ ヒューリックスクエア札幌 ３階,中央区,,,その他,,,,,,,10:00〜19:00,なし,,,,,,,,,,,,,,,,,,
肩甲骨はがし専門店 癒しま専科,営業中,,1,https://www.instagram.com/reel/DWyM8mmS48r/,2026-04-06,,,,,,,,北海道札幌市中央区南1条西9丁目4-1札幌19L ビル401,中央区,,,その他,,,,,,6800,11:00~20:00,火曜日,,,,,,,,,,,,,,,,,,
啓明腎泌尿器科・皮膚科,営業中,,1,https://www.instagram.com/reel/DW3TGZwSsR3/,2026-04-08,,,,,,,,札幌市中央区南11条西22丁目2-2,中央区,,,その他,,,,,,110000,詳細は公式サイト・DM要確認,詳細は公式サイト・DM要確認,,,,,,,,,,,,,,,,,,
章月グランドホテル,営業中,,1,https://www.instagram.com/reel/DYWnrWpvKuM/,2026-05-15,,,,,,,,札幌市南区定山渓温泉東3-239,定山渓,,,その他,,,,,,27650,,なし,,,,,,,,,,,,,,,,,,
musch（ムッシュ）札幌すすきの本店,営業中,,1,https://www.instagram.com/reel/DWqejsVSU7M/,2026-04-03,,,,,,,,札幌市中央区南5条西2丁目2 サイバーシティビル B1F,すすきの,,,バー,,,,,1000,,平日15:00～5:00、土日祝日13:00～5:00で朝5:00まで営業,,︎ 暖炉のゆらぎとソファベッドで包まれる、すすきの唯一の癒し空間。︎ ノンニコチン対応＆100種以上のフレーバーで初心者でも安心して楽しめる。︎ 豊水すすきの駅から徒歩1分！終電後も朝5時まで営業の頼れる夜の逃げ場,,,,,,,,,,,,,,,57797,,
スイデコ倉庫・コンテナ開放市,営業中,,1,https://www.instagram.com/reel/DWD2UUbj1vS/,2026-03-19,,,,,,,,〒003-0874 北海道札幌市白石区米里4条2丁目3-1,札幌駅前,,,バー,,,,,,,10:00〜17:00,,︎スイデコで毎回大好評の、倉庫開放セール！。︎高級ベッド「シモンズベッド」が大量展示。︎今回だけの限定価格品もあり,,,,,,,,,,,,,,,43019,,
鹿肉と旬菜 鹿ノ庭,営業中,,1,https://www.instagram.com/reel/DYg5aF3y94N/,2026-05-19,,,,,,,,札幌市中央区南5条西3丁目8-8 Nグランデビル4階,すすきの,,,和食,,,,,,5000,,日曜定休（予約営業は可）,︎5月1日NEW OPEN！エゾ鹿和食が食べられるお店。︎鹿肉のたたきは肉肉しさと三升付けの辛さがベストマッチ。︎鹿しゃぶはジビエなのを忘れる上品であっさりした味わい,,,,,,,,,,,,,,,再生数集計中,,